bannerContent,bannerCourse,bannerPoints,bannerColour,bannerTextColour,bannerIcon
25 Test de Mecánica de Fluidos 1 Aprobados,Mecánica de Fluidos 1,25,0xFFDCFCE7,0xFF166534,Icons.Default.Star
50 Test de Mecánica de Fluidos 1 Aprobados,Mecánica de Fluidos 1,50,0xFFF3E8FF,0xFF6B21A8,Icons.Default.Star
100 Test de Mecánica de Fluidos 1 Aprobados,Mecánica de Fluidos 1,100,0xFFFEE2E2,0xFF991B1B,Icons.Default.Star
250 Test de Mecánica de Fluidos 1 Aprobados,Mecánica de Fluidos 1,250,0xFFFEF3C7,0xFF92400E,Icons.Default.EmojiEvents
25 Test de Tecnología de Materiales Aprobados,Tecnología de Materiales,25,0xFFDCFCE7,0xFF166534,Icons.Default.Star
50 Test de Tecnología de Materiales Aprobados,Tecnología de Materiales,50,0xFFF3E8FF,0xFF6B21A8,Icons.Default.Star
100 Test de Tecnología de Materiales Aprobados,Tecnología de Materiales,100,0xFFFEE2E2,0xFF991B1B,Icons.Default.Star
250 Test de Tecnología de Materiales Aprobados,Tecnología de Materiales,250,0xFFFEF3C7,0xFF92400E,Icons.Default.EmojiEvents
25 Test de Ampliación de Resistencia de Materiales Aprobados,Ampliación de Resistencia de Materiales,25,0xFFDCFCE7,0xFF166534,Icons.Default.Star
50 Test de Ampliación de Resistencia de Materiales Aprobados,Ampliación de Resistencia de Materiales,50,0xFFF3E8FF,0xFF6B21A8,Icons.Default.Star
100 Test de Ampliación de Resistencia de Materiales Aprobados,Ampliación de Resistencia de Materiales,100,0xFFFEE2E2,0xFF991B1B,Icons.Default.Star
250 Test de Ampliación de Resistencia de Materiales Aprobados,Ampliación de Resistencia de Materiales,250,0xFFFEF3C7,0xFF92400E,Icons.Default.EmojiEvents
25 Test de Fundamentos de Programación Aprobados,Fundamentos de Programación,25,0xFFDCFCE7,0xFF166534,Icons.Default.Star
50 Test de Fundamentos de Programación  Aprobados,Fundamentos de Programación,50,0xFFF3E8FF,0xFF6B21A8,Icons.Default.Star
100 Test de Fundamentos de Programación  Aprobados,Fundamentos de Programación,100,0xFFFEE2E2,0xFF991B1B,Icons.Default.Star
250 Test de Fundamentos de Programación  Aprobados,Fundamentos de Programación,250,0xFFFEF3C7,0xFF92400E,Icons.Default.EmojiEvents