questionId,questionText
1,¿Cuáles de los siguientes modos de apertura en fopen() permiten escribir datos dentro de un archivo?
2,¿Qué funciones se pueden utilizar para leer datos desde un archivo de texto en C?
3,"Sobre la función fclose(), ¿cuáles de las siguientes afirmaciones son verdaderas?"
4,¿Cuáles de las siguientes opciones son válidas para posicionar o consultar el puntero interno dentro de un archivo?
5,"¿Qué sucede si intentas abrir un archivo inexistente utilizando el modo ""r"" mediante fopen(""datos.txt"", ""r"")?"
6,"A los productos de vidrio después de formados, se les aplica un tratamiento de recocido en torno a los 1500ºC para eliminar tensiones"
7,"Al aumentar el tamaño de partícula, la fricción interparticular aumenta"
8,Con el proceso de sinterización por chispas se consigue una fusión de los polvos
9,"Cuando el vidrio templado se rompe, se desintegra en numerosos fragmentos pequeños"
10,Cuando se utilizan moldes abiertos usualmente se habla de piezas moldeadas
11,"Cuando un material sufre una deformación plástica aumenta su dureza, pero la acritud disminuye al aumentar la temperatura"
12,"Cuando un metal se deforma en frío, aumenta la conductividad eléctrica"
13,"Cuando un metal se deforma en frío, el aumento del límite de elasticidad es proporcionalmente menor que el aumento de la resistencia a la tracción"
14,"Cuando un metal se deforma en frío, la ductilidad disminuye de forma muy acusada en el primer 10% de reducción"
15,"Cuando un metal se deforma en frío, la dureza aumenta con mayor rapidez en el primer 10% de reducción"
16,"Cuanto mayor es la deformación previa de un metal, más baja es la temperatura necesaria para provocar la recristalización"
17,Durante la embutición se produce un movimiento lineal del material
18,Durante la laminación El coeficiente de rozamiento varía en sentido inverso a la velocidad exterior de los rodillos
19,Durante los procesos de conformado por deformación plástica El exponte de endurecimiento de las aleaciones de cobre recocido es menor que el de los aceros aleados
20,Durante los procesos de deformación en frío se obtiene una disminución del tamaño de grano
21,"Durante los procesos de deformación plástica, el crecimiento lineal de la resistencia a la tracción es menor que el del límite elástico"
22,"Durante los trabajos de deformación en caliente, la velocidad de deformación tiene una influencia importante y su efecto sobre la tensión instantánea de deformación se denomina “sensibilidad a la velocidad de deformación”"
23,Durante una pasada de laminación en caliente se pueden alcanzar reducciones de espesor de hasta un 50%
24,El acuñado es una operación de compresión para aumentar la densidad de las piezas sinterizadas
25,"El agrietamiento en caliente se produce cuando un molde, restringe la contracción de la fundición después de la solidificación"
26,El ángulo de desbaste de laminación debe disminuirse si aumenta el coeficiente de rozamiento
27,El bobinado de filamentos implica el uso de refuerzos de fibra de mechas tejidas
28,El comienzo de la recristalización viene indicado por una disminución del límite elástico
29,"El conformado plástico, en el caso de cerámicas tradicionales, requiere que la mezcla inicial tenga un contenido de agua de más del 50%"
30,El corte con agua es un proceso adecuado para los materiales compuestos de matriz polimérica
31,El curado de los plásticos termoestables produce un cambio químico permanente en su estructura molecular
32,El estirado se utiliza principalmente para barras de sección rectangular o cuadrada
33,El factor de empaquetamiento de los polvos utilizados en la pulvimetalurgia es la relación entre la densidad volumétrica y la densidad real
34,El factor de empaquetamiento de los polvos utilizados en la pulvimetalurgia tiene un valor aproximadamente igual a 1
35,"El factor de empaquetamiento de los polvos utilizados en la pulvimetalurgia, depende de la distribución de los tamaños de las partículas"
36,"El llenado incompleto, en una fundición, se produce cuando dos porciones de metal, fluyen al mismo tiempo pero hay una falta de fusión entre ellos"
37,"El método de aplicación manual, en la fabricación de PMC, un molde positivo con superficie lisa producirá un buen acabado en la superficie externa"
38,El molde de termoformado cuya forma es convexa es un molde negativo
39,El molde utilizado en el prensado isóstatico en caliente se hace de láminas de metal
40,El molde utilizado en el prensado isóstatico en frío se hace de láminas de metal
41,"El moldeo o vaciado deslizante es un proceso de conformado, en cerámicas tradicionales, que utiliza un mezcla con un 25-40% aproximadamente de agua"
42,El moldeo por compresión está limitado a polímeros termoplásticos
43,El moldeo por soplado y extrusión de polímeros tiene una velocidad de producción mas baja que el moldeo por inyección y soplado
44,El moldeo rotacional de polímeros usa la fuerza centrífuga para hacer formas huecas
45,El nombre de molde de arena en verde se da porque el molde contiene humedad
46,"El óxido de aluminio y el silicato de aluminio, se vuelven plásticos y fáciles de formar cuando se mezclan con cantidades adecuadas de agua"
47,El prensado isostático en caliente realiza en un solo paso el prensado y la sisnterización
48,El prensado isostático en frío no requiere operaciones de formado y acabado antes o después del sinterizado
49,"El prensado seco, en el caso de cerámicas tradicionales, utiliza mezclas que tienen una gran plasticidad"
50,El proceso Colburn se utiliza para producir tubos de vidrio
51,El proceso Danner se utiliza para el formado de fibras de vidrio
52,El proceso de centrifugado del vidrio se utiliza para fabricar componentes en forma de embudo
53,El proceso de centrifugado del vidrio se utiliza para fabricar espejos astronómicos
54,El proceso de centrifugado del vidrio se utiliza para fabricar platos
55,El proceso de conformado de plásticos por termoformado es similar a la pultrusión en la fabricación de PMC
56,El proceso de extrusión de película soplada no está asociado a la producción de láminas plásticas y películas
57,El proceso de forja en prensa es más rápido que el forjado a martillo
58,"El proceso de formado de los polímeros reforzados con fibra en molde abierto aplicado por aspersión, limita el contenido de fibra a un 35%"
59,El proceso de pultrusión es un proceso de conformado de material sinterizado
60,El proceso de recalcado se realiza más por un presión de aplastamiento que por una fuerza de impacto
61,El pulformado es una variante del proceso de pultrusión para formas curvas
62,El recalcado es un proceso que se realiza por una fuerza de impacto más que por una presión de aplastamiento
63,El recalcado es un tipo de forja que aumenta la longitud de la pieza
64,El recalcado se realiza mediante una presión de aplastamiento
65,El rechupe es una cavidad que se forma en las fundiciones de metales y aleaciones debido a la segregación
66,El rechupe ocurre frecuentemente en la parte inferior de la fundición
67,El reprensado es una operación de prensado sobre una pieza sinterizada para imprimir detalles en su superficie
68,El sinterizado del carburo de volframio en un aglutinante de Co (WC-Co) implica el sinterizado en fase líquida
69,"El sinterizado en estado sólido es un proceso similar al sinterizado convencional, diferenciándose en que no tiene lugar la etapa de sinterización"
70,El soplado del vidrio es un procedimiento manual
71,El tallo de bambú es uno de los defectos asociados al moldeo por inyección
72,El término pieza en verde se refiere en cerámica a una pieza que ha sido conformada pero que todavía no ha sido cocida
73,El término temperatura de recristalización se refiere a una temperatura definida por debajo de la cual no se presenta este fenómeno
74,El término temperatura de recristalización se refiere a una temperatura por debajo de la cual no se produce este fenómeno
75,El termoformado es un proceso de conformado que se utiliza para plásticos termoestables
76,El tonelaje de los plásticos actualmente fabricados es mayor que el de los metales
77,El trabajo en frío de un metal supone un aumento de alargamiento
78,El trabajo en frío de un metal supone un aumento de ductilidad
79,El trabajo en frío de un metal supone un aumento de resistencia a la tracción
80,El trabajo en frío de un metal supone un aumento del límite elástico
81,El trefilado se aplica a barras de 4-6 m de longitud y diámetro superior a 10mm
82,El trefilado se utiliza principalmente para barras de sección rectangular o cuadrada
83,El uso de un parison se asocia con el proceso de conformado de moldeo por soplado
84,"El vidriado, en las cerámicas tradicionales, es un proceso en el que se producen reacciones químicas entre los componentes de la mezcla, formándose una fase vítrea entre los cristales"
85,El vidrio fundido es un líquido viscoso cuya viscosidad es directamente proporcional a la temperatura
86,El vidrio templado es un vidrio al que se le ha sometido a un tratamiento de temple para desarrollar un modelo conveniente de tensiones internas
87,El vidrio tiene estructura cristalina
88,"En el contexto de los polvos metálicos, factor de empaquetamiento = 10 – porosidad"
89,"En el método de atomización para la producción de polvos metálicos, la desventaja de usar agua es la oxidación en la superficie de la partícula"
90,"En el moldeo de polímeros por transferencia, los materiales de desecho producidos son fácilmente reutilizables"
91,"En el moldeo por inyección de polímeros el tornillo de extrusión, además de mezclar y calentar el polímero, actúa como embolo para empujarlo"
92,En el moldeo por inyección de polvos utilizados en el conformado de los nuevos cerámicos las partículas cerámicas se mezclan con polímeros termoplástico para proporcionar las características apropiadas de flujo
93,"En el moldeo rotacional, la fuerza centrifuga se usa para forzar que el polímero fundido se adapte a las superficies de la cavidad del molde donde ocurre la solidificación"
94,"En el paso de precalentamiento, en el tratamiento de sinterización, se queman los aglomerantes"
95,En el prensado en caliente de los nuevos cerámicos se resliza simultáneamente el prensado y el sinterizado
96,En el prensado isostático en frío se usa agua o aceite para ejercer la presión contra el molde
97,En el prensado isostático en frío se usa gas para ejercer la presión contra el molde
98,En el proceso Colburn de estirado de vidrio plano se utiliza una matriz que tiene una rendija estrecha
99,"En el proceso de atomización para la producción de polvos metálicos, cuando se utiliza agua el enfriamiento es más rápido"
100,"En el proceso de atomización para la producción de polvos metálicos, cuando se utiliza gas inerte el enfriamiento es más rápido"
101,"En el proceso de bobinado de filamentos, la incorporación de los agentes de refuerzo a la matriz polimérica tiene lugar antes del proceso de conformado"
102,En el proceso de flotación para la formación de vidrio plano se obtiene una superficie lisa que no necesita acabados subsecuentes
103,En el proceso de fundición en molde semipermanente se utilizan moldes metálicos
104,"En el proceso de hilado húmedo para obtener fibras, el polímero inicial es una solución cuyo solvente puede separarse por evaporación"
105,"En el proceso de laminación, la presión máxima aumenta con el coeficiente de rozamiento"
106,"En el proceso de laminación, la presión máxima es proporcional al diámetro de los cilindros"
107,"En el proceso de laminación, si el ángulo de desbaste es muy pequeño el metal se alabeará"
108,"En el proceso de sinterización en fase liquida se utilizan polvos metálicos, que se calientan hasta que se funden para mejorar la densidad"
109,"En el producto final de un material cerámico nuevo policristalino, la resistencia aumenta con el tamaño de grano"
110,En el secado por precipitación de una solución se logra una mayor homogeneidad en los polvos de los nuevos cerámicos
111,En el tamaño de la partícula que puede pasar a través de una criba se obtiene por el recíproco del número de malla de la criba
112,"En el trabajo en caliente puede dejarse el material a dimensiones, dentro de un estrecho margen de tolerancias"
113,"En fundición, las costras se producen por la erosión del molde de arena durante la colada"
114,"En la caracterización de los polvos utilizados en sinterización, el método de cribado tiene un límite superior de 400 mallas"
115,"En la caracterización de los polvos utilizados en sinterización, un número alto de malla indica menor tamaño de partícula"
116,"En la carga que se introduce en el horno, antes del formado, en la fabricación del vidrio, hay vidrio reciclado"
117,"En la compactación isostática en frío, el molde se fabrica habitualmente de acero para herramientas"
118,"En la etapa de mezcla de polvos, en un proceso de pulvimetalurgia, no es aconsejable que los polvos se sometan a vibración"
119,"En la etapa de mezcla de polvos, en un proceso de pulvimetalurgia, se utiliza estearato de cinc y aluminio como desfloculante"
120,En la extrusión hidrostática el punzón no empuja directamente el tocho de material
121,"En la fabricación de las cerámicas tradicionales, en la primera fase del secado no se produce contracción"
122,"En la fabricación de las cerámicas tradicionales, la segunda fase del secado es más lenta que la primera"
123,"En la fabricación de nuevos cerámicos, en el conformado se utiliza el agua como aglomerante para conseguir una buena plasticidad, y facilitar el conformado de piezas en verde"
124,"En la fase de restauración del proceso de recocido, se reagrupan las dislocaciones produciéndose movimientos de borde de grano"
125,En la forja por estampación no hay material sobrante que recortar
126,En la forja por recalcado no hay material sobrante que recortar
127,En la fundición en moldes de yeso el molde está hecho de SiO2 + Al2O3
128,"En la producción de láminas y películas de polímeros termoplásticos con matriz de rendija, se conduce la extrusión a un baño de enfriamiento con agua o sobre rodillos refrigerados, para alcanzar altas velocidades de producción"
129,"En la producción de piezas metálicas por sinterización, la fuerza básica que dirige el proceso es la aplicación de tensiones de compresión"
130,En la producción de polvos metálicos por atomización sólo pueden obtenerse partículas de metal puro
131,"En la sección dosificadora de una máquina de extrusión de tornillo simple, se desarrolla la presión necesaria para bombear el material a través del orificio de la matriz"
132,En la sinterización cuanto menor sea el tamaño de las partículas más uniforme será la contracción que experimenten las piezas
133,En la sinterización en fase líquida se consiguen piezas altamente densificadas
134,En la sinterización en fase líquida se obtiene una mayor densificación
135,"En la solidificación de una aleación de composición eutéctica, la solidificación se produce a una temperatura constante"
136,"En las cerámicas tradicionales se utiliza como materia prima, para aumentar la plasticidad, alúmina y sílice"
137,En los hornos de sinterización se añaden lubricantes para reducir la fricción entre las partículas
138,En los procesos de conformado por deformación en frío se obtienen tolerancias geométricas más pequeñas que en los realizados en caliente
139,"En los procesos de deformación, al aumentar la velocidad de deformación aumenta el esfuerzo de deformación necesario"
140,"En los procesos de laminación, el ángulo de desbaste es directamente proporcional a la velocidad de la superficie exterior de los rodillos"
141,"En los procesos de laminación, el coeficiente de rozamiento es inversamente proporcional a la velocidad de la superficie exterior de los rodillos"
142,"En los procesos de pulvimetalurgia, el tratamiento de sinterización se realiza a una temperatura comprendida entre 0,7 y 0,9 del punto de fusión del metal en ºC"
143,"En los procesos de sinterización, los tamaños de partículas más pequeños generalmente muestran mayor fricción"
144,"En pulvimetalurgia, cuando hay polvos de varios tamaños, el factor de empaquetamiento es mayor que cuando los polvos son de igual tamaño"
145,"En sinterización, la densidad volumétrica es la densidad de los polvos en estado suelto, después del vaciado"
146,"En sinterización, la densidad volumétrica es la densidad del material si los polvos se fundieran en una masa sólida"
147,"En sinterización, la densidad volumétrica es menor que la densidad real"
148,En un polímero fundido la viscosidad decrece con la velocidad de corte
149,"En una fundición, para fomentar la solidificación direccional, se puede utilizar enfriadores"
150,"En una operación de moldeo, el metal líquido se vierte en el molde cerrado a través de la mazarota"
151,Frecuentemente se practican operaciones de impregnación o infiltración a las piezas sinterizadas que van a estar en contacto con soluciones químicas
152,"Frecuentemente, en el moldeo con bolsa de materiales compuestos de matriz polimérica, se añade calor"
153,"Inmediatamente después del vertido de un metal puro, en estado líquido, en el molde se forma en sus paredes una capa de granos de metal sólido gruesos y orientados hacia el centro"
154,La “piel de cocodrilo” es un defecto de los procesos de conformación de materiales metálicos que se caracteriza por una superficie resquebrajada
155,La acuñación de monedas es un proceso de conformado por deformación en caliente
156,La baja permeabilidad es una de las posibles causas de las sopladuras
157,La cavidad del molde de fundición debe hacerse ligeramente sobredimensionada para permitir la contracción durante la solidificación
158,La cavidad por contracción se puede resolver con un buen diseño de la mazarota
159,La deformación en frío requiere menor energía que la deformación en caliente
160,La densidad en verde es la densidad de los polvos antes del prensado
161,La densidad en verde es la densidad de los polvos antes del sinterizado
162,La embutición se utiliza para fabricar formas huecas a partir de chapas planas
163,La etapa de secado se puede omitir en los nuevos cerámicos
164,La extrusión directa en frío usa un fluido para transmitir la fuerza desde el punzón empujador al disco
165,La extrusión directa presenta menos problemas de rozamiento que la indirecta
166,La extrusión hidrostática se realiza solo en caliente
167,La extrusión indirecta no requiere tanta fuerza como la extrusión directa
168,La extrusión indirecta requiere menor fuerza que la directa
169,La extrusión por manguete se realiza en caliente
170,La forja en caliente por martillado se conoce normalmente como forja por estampación
171,La fuerza básica que mueve la sinterización es el aumento de la energía superficial
172,"La fuerza que mueve la sinterización, dentro de un proceso pulvimetalúrgico, será tanto mayor cuanto mas fino sea el polvo inicial"
173,La fundición a alta presión es un proceso de fundición en coquilla
174,La fundición es un proceso de fabricación de vidrio que se usa para alta productividad
175,La fusión del vidrio se lleva a cabo generalmente a temperaturas entre 1500 y 1600ºC
176,La impregnación es una operación en que se llenan los poros de las piezas sinterizadas con un metal fundido
177,La infiltración es una operación en que se llenan los poros de las piezas sinterizadas con un metal fundido
178,La mazarota sumergida está completamente cerrada dentro del molde de arena y conectada a la cavidad principal por un canal que alimenta el metal fundido
179,La metalurgia de los polvos no tiene limitaciones en cuanto a la forma de las piezas
180,"La pérdida de material que se produce en los procesos de conformado por sinterización, es aproximadamente igual que la pérdida experimentada en el proceso de fundición"
181,La preparación de la arena para la fabricación del vidrio implica una fase de lavado para eliminar algunos minerales que le pueden dar colores indeseables
182,La principal ventaja que tiene el proceso de forja sobre el mecanizado es que se produce una estructura fibrosa más tenaz
183,La recristalización es un fenómeno que se caracteriza por un reagrupamiento de dislocaciones
184,La restauración consiste en un reagrupamiento de dislocaciones sin movimiento de bordes de grano
185,"La selección del material apropiado para modelos, depende, en gran parte, de la cantidad total de fundiciones a producir"
186,La temperatura de recristalización de un material depende del grado de deformación
187,La temperatura de recristalización es una propiedad que solo depende de la composición química y de la microestructura de los materiales
188,"La temperatura de recristalización es una temperatura aproximada, a la cual un material con una acritud determinada recristaliza completamente en una hora"
189,La temperatura final del trabajo en caliente determinará el tamaño de grano que tendrá el material en el posterior trabajo en frío
190,La velocidad de producción por el método de extrusión de láminas de película soplada es bajo
191,La viscosidad de un plástico fundido para moldeo disminuye cuando aumenta la velocidad de flujo
192,La viscosidad de un polímero fundido aumenta con la velocidad de corte y desciende con la temperatura
193,"La viscosidad de un polímero fundido está afectada por la temperatura, pero no por la velocidad de flujo"
194,Las aleaciones solidifican a una temperatura constante
195,Las operaciones de mecanizado pueden implicar procesos de deformación plástica de los materiales metálicos
196,Las piezas de nuevos cerámicos hechas por moldeo por inyección de polvos son muy vulnerables a grietas microestructurales
197,Las piezas de vidrio con tratamiento térmico de temple presentan una distribución de tensiones internas que hacen que al romperse se formen fragmentos relativamente grandes
198,Las piezas de vidrio obtenidas por fundición deben enfriarse rápidamente para evitar tensiones internas
199,Las piezas de vidrio obtenidas por fundición no necesitan esmerilarse ni pulirse
200,Las piezas sinterizadas obtenidas por prensado isostático en frío tienen una buena precisión dimensional
201,Las venas segregadas es un defecto que aparece en la palanquilla fabricada por colada continua
202,Los aglutinantes son aditivos que se añaden a los polvos para lograr mayor resistencia en las piezas prensadas pero no sinterizadas
203,Los aglutinantes son aditivos que se añaden a los polvos para lograr mayor resistencia en las piezas sinterizadas
204,Los ángulos de reposo más grandes indican una mayor fricción entre las partículas utilizadas para formar una pieza por pulvimetalurgia
205,Los defloculantes son aditivos que se añaden a los polvos para mejorar las características de flujo durante la alimentación
206,Los difusores de los faros de los coches se fabrican por el proceso de prensado del vidrio
207,Los enfriadores se utilizan frecuentemente en secciones de la fundición que son difíciles de alimentar con metal líquido
208,Los gránulos fríos se producen por que la colada se hace muy lentamente
209,Los metales puros solidifican a una temperatura constante
210,"Los nuevos cerámicos se basan en la arcilla, que es susceptible de adquirir plasticidad al mezclarse con agua"
211,"Los nuevos cerámicos, formados por óxidos, carburos y nitruros, se mezclan con agua para conseguir una buena plasticidad"
212,Los parabrisas de los automóviles se fabrican con vidrio templado
213,Los parabrisas de los automóviles se fabrican intercalan dos piezas de vidrio templado en ambos lados de una lámina de polímero tenaz
214,Los plásticos termoplásticos durante su calentamiento y conformado sufren un proceso de curado
215,"Los polvos elementales, utilizados en la pulvimetelurgia, se deforman más fácilmente que los polvos prealeados"
216,"Los polvos iniciales para fabricar los nuevos cerámicos, tienen que ser más homogéneos en tamaño y composición que los utilizados en las cerámicas tradicionales"
217,Los prepregs son fibras impregnadas con resinas termoestables totalmente curadas
218,Los procesos de conformado en frío se realizan a temperatura ambiente
219,Los procesos de conformado en frío se realizan mediante deformaciones elásticas
220,Los procesos de conformado por deformación en frío presentan un peor acabado superficial que los procesos en caliente
221,Los procesos de conformado por deformación mejoran la resistencia y ductilidad de los materiales
222,Los procesos de deformación en caliente permiten obtener grandes deformaciones y facilitan la homogeneidad del material
223,Los procesos de forja en caliente no presentan límite teórico de deformación
224,"Los procesos de prensado y soplado se adaptan mejor a la producción de envases para bebida de cuello angosto, mientras que los procesos de soplado y soplado se adaptan mejor a la producción de tarros con cuello ancho"
225,"Los puntos de alfiler en una fundición, se producen cuando la fluidez del metal líquido es muy alta"
226,Los termoplásticos una vez curados no pueden fundirse a través de calentamiento
227,Los trabajos de deformación en frío permiten ajustar el tamaño de grano
228,"Los vacíos internos en la estructura de una partícula, en un volumen de polvos sueltos, se denominan poros abiertos"
229,Mediante el proceso de calandrado de materiales termoplásticos se obtienen láminas y películas
230,Mediante el proceso de calandro de materiales termoplásticos se obtienen películas con baja precisión de calibración
231,No se pueden fabricar piezas de volframio por sinterización pues su temperatura de fusión es muy elevada
232,"Para compensar la contracción por solidificación producida en una fundición, se utilizan bebederos"
233,"Para compensar la contracción por solidificación producida en una fundición, se utilizan mazarotas"
234,"Para conformar piezas de vidrio relativamente planas, como un plato, se utiliza el prensado del vidrio"
235,Para el calentamiento de los plásticos se requiere menos energía que para los metales
236,Para el formado de fibras de vidrio se puede utilizar el estirado de filamentos continuos
237,"Para fabricar productos huecos de servicio, como jarras, se utiliza el proceso de conformados de cerámicas tradicionales denominado vaciado drenado"
238,Para la producción de botellas de vidrio de boca ancha se utiliza el procedimiento de soplado-soplado
239,Para la producción de recipientes de boca ancha se utiliza el procedimiento de prensado-soplado
240,"Para materiales, como el PVC rígido, se suele utilizar extrusores de tornillo doble"
241,"Para minimizar las contracciones producidas en la solidificación de los metales, es conveniente que solidifiquen primero aquellas zonas más distantes de la fuente de alimentación de metal líquido, y que la solidificación progrese desde estas zonas hacia la mazarota"
242,Para proporcionar metal líquido durante el enfriamiento de un metal y compensar la contracción por solidificación se utilizan bebederos
243,Para reducir la fricción entre las partículas utilizadas en la sinterización frecuentemente se añaden lubricantes
244,"Para un peso dado de polvo metálico, la superficie total del área de los polvos se incrementa para un menor factor de forma"
245,Se define como deformación crítica el valor mínimo de la deformación necesario para que se pueda producir la recristalización de un metal
246,Se denominan polvos cerrados a los espacios que se encuentran entre las partículas en un volumen de polvos sueltos
247,Si la longitud del objeto que se embute es más profunda que su anchura el proceso se denomina embutición profunda
248,Un aumento de la velocidad de deformación provoca un menor aumento de la resistencia del material
249,"Un defecto típico de un proceso de extrusión es la piel de tiburón, que puede ser causado por una aguda sección en la entrada de la matriz originando un flujo turbulento"
250,Un ejemplo de embutición poco profunda o de caja sería la producción de cazos caseros
251,Un inconveniente que presenta la sinterización en fase líquida es que hay que calentar a temperaturas muy altas para conseguir la fusión de todos los metales
252,Un inconveniente que tiene el prensado en caliente es el mantenimiento de un control atmosférico en el proceso
253,Un macho es un duplicado de la pieza que se quiere moldear
254,Un macho es el molde de las superficies interiores de una pieza moldeada
255,Un macho es un modelo de tamaño natural de las superficies interiores de la pieza
256,"Un método que normalmente se utiliza para obtener cortinas para baño, cubiertas de piscinas, etc, es el calandrado"
257,Una aplicación del proceso de infiltración son los cojinetes autolubricantes
258,"Una causa de un llenado incompleto en una fundición, es que la sección transversal de la cavidad del molde sea muy delgada"
259,"Una de las misiones que tiene el plato rompedor o placa rompedora que se encuentra en la parte final de la maquina convencional de extrusión de tornillo simple, es filtrar contaminantes y terrones duros de la fusión"
260,Una de las ventajas de la fundición es que se pueden obtener piezas con una gran precisión dimensional
261,Una de las ventajas de las piezas metálicas obtenidas por moldeo es la posibilidad de obtener piezas de geometría compleja
262,Una de las ventajas de las piezas metálicas obtenidas por moldeo es su excelente acabado superficial
263,"Una propiedad de los polímeros fundidos es el índice de flujo de la fusión, que relaciona el flujo y la viscosidad característica de un fluido"
264,"Una propiedad de los polímeros fundidos, es el índice de flujo de la fusión que relaciona el flujo y la viscosidad característica del polímero"
265,Una ventaja del conformado de los metales en frío es que resultan estructuras de grano más uniforme y resistencias menores
266,Una ventaja que presenta el prensado isostático de polvos frente al convencional es que se obtiene un compacto con una densidad más homogénea
267,"Uno de los inconvenientes que presenta la metalurgia de los polvos, es que no pueden automatizarse sus procesos"
268,"Para lograr que el material de aporte fluya a através de la superficie metálica en una unión metal-cermámica, una posible solución es la metalización del material cerámico"
269,El calibrado es una operación de prensado sobre una pieza sinterizada para imprimir detallos en su superficie
270,"En el proceso de moldeo mediante inyección de polvos, inmediatamente después de la etapa de desmoldeo se realiza el sinterizado"
271,"En el proceso de conformado de los cerámicos tradicionales, el vaciado deslizante es el que utiliza mayor cantidad de agua"
272,"En la fabricación de cerámicas tradicionales, las materias primas son de alta pureza"
273,Tras el conformado en caliente el proceso de restauración es previo a la recristalización
274,Las mazarotas utilizadas en los procesos de moldeo por fundición de materiales metálicos definen la forma intera de una fundición
275,Cuando el vidrio recocido se rompe lo hace desintegrándose en numerosos fragamentos pequeños
276,Una de las ventajas que presenta la metalurgia de polvos es el fácil manejo y almacenamiento de la materia prima
277,"En el proceso de producción de polvos metálicos por atomización para la sinterización, no se utiliza agua por la posible corrosión que puede producir"
278,"Además de ayudar a preservar el medio ambiente, el uso de vidrio reciclado en la fabricación del vidrio, hace la carga más fácil de fundir"
279,La infiltración es una operación en que se llenan los poros de las piezas sinterizadas con aceite
280,Una desventaja que presenta el moldeo de metales es que no se pueden obtener piezas de más de 100 toneladas
281,"El tratamiento de recocido en los producios de vidrio elimina las tensiones, lo cual provoca que las roturas de las piezas se produzcan en multitud de fragmentos"
282,Mediante el proceso de compactación en caliente podemos evitar la fase de sinterización en la fabricación de piezas mediante metalurgia de polvos
283,El acuñado de piezas sinteriozadas es una variante de la impregnación
284,Los polímeros fundidos se comportan como un líquido newtoniano
285,En la fabricación mediante metalurgia de polvos de piezas que contienen carburos cementados la sinterización se produce en fase sólida
286,"En los procesos de laminación, la presión de laminación se define como la diferencia de … de la pieza antes y después de pasar por los rodillos de laminación"
287,Los procesos de extrusión están especialmente indicados para la fabricación de perfiles
288,Durante la solidificación que se desarrolla en el proceso de forja se produce generalmente segregación en forma dendrítica
289,"En el moldeo de plásticos por extrusión, a la salida de la matriz, la sección de la pieza extruida será mayor que la sección de la matriz"
290,"En la producción de piezas metálicas por sinterización, el moldeo por inyección de polvos permite obtener piezas con mayor densidad"
291,"En los procesos de laminación, las mayores reducción de espesor se obtienen con rodillos de mayor diámetro y girando lentamente"
292,"El PET utilizado en la fabricación de botellas de agua, cuando está en estado líquido, se le considera un fluido pseudoplástico"
293,Los neumáticos de automóvil son un material compuesto de matriz polimérica donde la matriz es un polímero termoplástico
294,El moldeo a la cera perdida permite obtener piezas de elevada precisión dimensional
295,"En los cerámicos tradicionales, en la etapa 2 del secado, las piezas reducen su volumen entre el 10-20%"
296,"En el proceso de flotación, en la fabricación de vidrio plano, se utiliza plomo líquido"
297,La acritud obtenida como consecuencia de un proceso de deformación supone un aumento del módulo elástico
298,Los moldes utilizados en el moldeo por inyección a alta presión se fabrican con aceros aleados templados y revenidos
299,"En pulvimetalurgia, durante la compactación, se produce una reordenación de las partículas, se eliminan los puentes formados durante el llenado, se reduce el espacio de los poros y se incrementa el número de puntos de contacto"
300,"El acero laminado en frío, con una superficie gris brillante, se llama acero blanco"
301,"El adobe está fabricado a partir de una mezcla de barro, cal, arena, agua y paja y después secado al sol"
302,Una de las ventajas del conformado por moldeo en arena es que se pueden obtener piezas con una gran precisión dimensional
303,Los anclajes de los machos para la fabricación de fundición gris suelen ser de acero
304,La contracción que se produce durante la solidificación de una pieza moldeada de Al-Si es aproximadamente de un 5%
305,La colada en molde abierto no requiere que se utilicen mazarotas
306,"En moldeo, un macho de arena puede desplazarse hacia arriba durante la colada al tener menor densidad que el metal líquido"
307,"En pulvimetalurgia, cuanto más fino sea el polvo inicial, más alta será la superficie del área inicial y más grande la fuerza básica de sinterización para la reducción de la energía superficial"
308,El hormigón es cemento reforzado con barras o mallas de acero
309,La fabricación de tubos de vidrio se realiza habitualmente por el proceso de colada por gravedad
310,El PET es el polímero más utilizado para fabricar botellas de plástico por el proceso de extrusión y soplado
311,"En pulvimetalurgia, los lubricantes inhiben la aglomeración de los polvos para mejorar sus características de flujo durante el llenado de las matrices"
312,"En pulvimetalurgia, los polvos prealeados se usan cuando existen dificultades en formular la aleación mediante la mezcla de polvos elementales"
313,La extrusión hidrostática en frío usa un fluido para transmitir la fuerza desde el punzón empujador al disco
314,"De acuerdo con la ecuación de Hollomon, la tensión necesaria para que un aluminio puro (coeficiente de resistencia 250 MPa y coeficiente de endurecimiento 0,2) que ha sufrido una deformación de 0,08 pueda seguir deformando, tiene que ser superior a 150 MPa"
315,El tallo de bambú es un defecto asociado al moldeo por inyección de polímeros
316,"La compactación isostática en caliente previa a la sinterización, se utiliza tanto en metales como en cerámicos"
317,"De acuerdo con la ecuación de Hollomon, el aluminio alcanzará valores de deformación plástica superiores al acero inoxidable austenítico"
318,Los metales porosos con celdas abiertas se llaman esponjas
319,"Las aleaciones de níquel con elevada resistencia a la corrosión, se moldean bien en coquilla porque tienen un punto de fusión bajo"
320,"En los cerámicos tradicionales, la pulverización de la materia prima se puede hacer por precipitación o por electrolisis"
321,"En la carga que se introduce en el horno de fusión para la fabricación del vidrio, suele haber un porcentaje de vidrio reciclado"
322,"Durante el conformado por deformación en caliente del acero al carbono, las tensiones de trabajo superan el valor del límite elástico del acero a la temperatura del conformado"
323,"En la laminación de una chapa de acero, la velocidad de deformación es inversamente proporcional a la longitud de la superficie de la chapa en contacto con los rodillos de laminación"
324,"La sinterización es la última etapa del proceso pulvimetalúrgico, consistente en un calentamiento a alta temperatura para unir las partículas individuales en una masa compacta"
325,"Las roturas internas en el conformado por deformación plástica, se pueden producir por tensiones de conformado demasiado grandes o temperaturas demasiado bajas"
326,"En el moldeo a la cera perdida, el modelo original lo realiza el escultor en arcilla o escayola"
327,"En moldeo, el desbarbado consiste en un mecanizado de precisión en las zonas que requieran tolerancias estrechas"
328,"En pulvimetalurgia, una aleación, después de ser sinterizada, puede ser sometida a un tratamiento térmico"
329,"En el moldeo en arena, retractilidad es la capacidad del molde para permitir la contracción de la pieza sin que esta se agriete"
330,Las cucharas de colada trasladan el metal fundido desde el horno de fusión al molde
331,La obtención de metales amorfos se realiza a velocidades de enfriamiento de 103 ºC/s
332,El vidrio sufre un cambio de fase al templarse
333,"Engranajes, rodamientos y herramientas de corte son piezas que se fabrican por sinterización"
334,"La presencia de segregaciones e impurezas en una aleación, pueden generar gradientes de deformación y tensiones que den lugar a grietas y otros defectos en la pieza conformada por deformación"
335,Las grietas transversales de laminación se producen en chapas de acero al carbono cuando la temperatura de laminación es demasiado elevada
336,"La colada continua se utiliza para la fabricación de acero, pero no para otra aleaciones como el aluminio y el cobre"
337,Las aleaciones de aluminio son más ligeras que las aleaciones de magnesio
338,En la atomización de los polvos metálicos al aumentar la velocidad de la corriente del fluido se aumenta el tamaño de las partículas producidas
339,"El ángulo de desbaste, durante la laminación en caliente, suele estar entre 30 y 45º"
340,El moldeo hueco se utiliza para fabricar piezas de revolución como barras perforadas y tubos gruesos
341,"En los moldes de arena de capa seca, la superficie de la cavidad del molde de arena verde, se seca usando sopletes o lámparas de calentamiento"
342,En la extrusión indirecta se supone que el rozamiento del tocho con el contenedor es despreciable
343,Una de las ventajas del moldeo por inyección a alta presión es que no se producen rebabas en las piezas
344,"En los cerámicos tradicionales, una vez que la materia prima ha salido del molino de bolas se lleva a la trituradora de rodillos"
345,El moldeo hueco se utiliza para fabricar piezas que requieren una geometría interior muy precisa
346,En la sinterización por chispas (spark sintering) los punzones superior e inferior también sirven como electrodos
347,"Durante la deformación plástica, en el conformado en caliente, no se produce aumento de dureza"
348,El moldeo en cáscara deja un mejor acabado superficial en las piezas que el moldeo en arena
349,"En el moldeo de polímeros, las rebabas pueden estar causadas por presiones de inyección demasiado altas"
350,"En moldeo, para fomentar la solidificación direccional, se puede utilizar enfriadores"
351,La deformación plástica de una aleación supone un aumento del número de defectos puntuales y lineales dentro de la red metálica
352,La extrusión con falso bloque es una variante de la extrusión directa
353,"La colada centrífuga real produce piezas de revolución como tubos, barras y anillos"
354,Colabilidad es la capacidad de un metal de reproducir el molde de manera precisa sin presentar defectos
355,El tiempo de sinterización aplicado a piezas de W está en torno a 45 minutos
356,En los hornos de crisol el metal se mantiene en contacto con los gases de combustión
357,Los aceros BCC se conforman mejor que los aceros FCC
358,"De acuerdo con la ecuación de Hollomon, la tensión máxima que alcanza el cobre puro (coeficiente de resistencia 300 MPa y coeficiente de endurecimiento 0,5) es 212 MPa"
359,"En pulvimetalurgia, el factor de empaquetamiento = 1 – porosidad"
360,"De acuerdo con la ecuación de Hollomon, la tensión máxima que alcanza el acero inoxidable austenítico (coeficiente de resistencia 1200 MPa y coeficiente de endurecimiento 0,4) es 644 MPa"
361,"En pulvimetalurgia, las etapas que tienen lugar durante el tratamiento térmico de sinterizado en horno son: precalentamiento, sinterización y temple"
362,Una de las ventajas de las piezas metálicas obtenidas por moldeo en arena es su excelente acabado superficial
363,Se denominan poros cerrados a los espacios que se encuentran entre las partículas en un volumen de polvos sueltos
364,"La placa rompedora, utilizada en la extrusión de polímeros, tiene como misión completar la disolución de las cargas añadidas en la tolva y homogenizar la composición del polímero"
365,"En el moldeo en arena, permeabilidad es la capacidad del molde para permitir que los gases del interior pasen a través de los poros de la arena"
366,En el moldeo en estado semisólido coexisten una fase líquida y una fase sólida dendrítica
367,Los moldes de arena seca se cuecen en estufas a temperaturas entre 150-180ºC
368,En el proceso de flotación para la fabricación de vidrio plano se obtiene una superficie lisa que no necesita acabados adicionales
369,"La selección del material apropiado para modelos, depende, en gran parte, de la cantidad total de piezas a producir"
370,"Los filamentos para lámparas incandescentes de W se pueden fabricar por sinterización, pero hoy día es más económico fabricarlos por moldeo"
371,"Los MCMP fabricados por moldeo por inyección con reacción reforzada, están compuestos de una matriz termoplástica y fibras de refuerzo que, tras mezclarse, se inyectan dentro del molde"
372,Los polvos de titanio y plata se suelen obtener por precipitación a partir de sus sales disueltas en agua
373,El moldeo por microfusión permite obtener piezas de elevada precisión dimensional
374,Un enfriamiento muy rápido de un metal desde el estado líquido puede dar lugar a un metal amorfo
375,Los aceros moldeados tienen peor fluidez que las fundiciones blancas
376,"La velocidad de trefilado de una barra de latón de 10 a 8 mm de diámetro y cuya velocidad de salida es 0,3 m/s, donde la matriz tiene un ángulo de 30º con la horizontal, es de 22,6 s-1"
377,"Una desventaja del moldeo en arena con un modelo de espuma de poliestireno, es que se necesita un nuevo modelo para cada pieza fabricada"
378,"En el conformado por estirado del acero, la velocidad de deformación es directamente proporcional a la velocidad de salida de la pieza de la matriz"
379,"Una chapa de acero laminada en caliente, debido al color de su superficie, se la denomina acero negro"
380,"Se fabrican espumas metálicas de aluminio, pero no de acero"
381,Las tolerancias dimensionales del moldeo en coquilla son inferiores a las obtenidas con el moldeo en arena
382,"En pulvimetalurgia, la forja de polvos permite mayor velocidad de producción y menor desperdicio de material que la forja convencional"
383,Existen muchos metales y aleaciones en los cuales aún no se ha podido alcanzar su velocidad critica de no cristalización (R*)
384,"La proporción típica de la arena de moldeo es 75% de arena, 5% de agua y 20% de arcilla"
385,"En pulvimetalurgia, en la etapa de mezcla, no es aconsejable que los polvos se sometan a vibración ya que ésta favorece la segregación"
386,El defecto denominado orejas se produce en las piezas extruidas
387,El proceso de solidificación a través de un molde sin fondo de sección constante se denomina colada continua
388,Un acero inoxidable austenítico se conforma más fácilmente a 200ºC que a 400ºC
389,Los aceros moldeados solidifican a una temperatura más baja que las fundiciones grises
390,"Las operaciones primarias de la pulvimetalurgia son: mezcla, compactación y sinterizado"
391,Las espumas de aluminio tienen las celdas abiertas
392,La laminación del papel de aluminio se realiza con rodillos de gran diámetro para asegurar un buen control dimensional y minimizar las deformaciones
393,"Las vitrocerámicas tienen mayor resistencia mecánica que el vidrio, alta tenacidad y dureza, y excelente resistencia al choque térmico"
394,"En moldeo, las costras se producen por la erosión del molde de arena durante la colada"
395,"En pulvimetalurgia, si se designa a un cierto tamaño de partícula 230 por 200, indica que los polvos han pasado por la malla 230, pero no por la 200"
396,"En el moldeo en cáscara, el molde que es una capa delgada (cáscara) de unos 10 mm hecha de arena aglutinada con una resina termoestable"
397,La piel de naranja es un defecto superficial que aparece en piezas extruidas
398,Las piezas sinterizadas tienen limitaciones de forma debido a que los polvos metálicos no fluyen fácilmente en dirección lateral dentro de la matriz durante el prensado
399,El carburo de volframio con aglutinante de cobalto (WC-Co) se llama metal duro o widia
400,"El vidrio plano obtenido por flotación, una vez solidificado requiere ser recocido"
401,"En el proceso de vaciado sólido para la fabricación de cerámicos, se llena el molde y se espera a que toda la pieza solidifique"
402,"Una causa de un llenado incompleto en una pieza moldeada, es que la sección transversal de la cavidad del molde es muy delgada"
403,Durante los procesos de deformación en frío se produce un aumento del tamaño de grano
404,El acuñado se clasifica dentro de los procesos de forja en frío
405,"El método de aplicación manual, en la fabricación de MCMP, un molde positivo con superficie lisa producirá un buen acabado en la superficie externa"
406,La sinterización de piezas de bronce se realiza a temperaturas en torno a 1100ºC
407,"Los nuevos productos cerámicos fabricados por sinterización, utilizan preferentemente el prensado seco"
408,"El fenómeno de cambio de geometría debido a la viscoelasticidad, que se produce en la extrusión del polipropileno, tiene lugar cuando el polímero está en estado líquido"
409,"Una propiedad de los polímeros fundidos, es el índice de fluidez del fundido que relaciona el flujo y la viscosidad característica del polímero"
410,La artesa o distribuidor se utiliza para alimentar el bebedero en la colada centrífuga de metales
411,"Una de las ventajas de las piezas sinterizadas es su densidad uniforme, aunque su geometría sea compleja"
412,La tecnología DLP (Digital Light Processing) está diseñada para la fabricación de metales amorfos
413,"En el moldeo en cáscara, la retractilidad del molde suele ser suficiente para evitar el agrietamiento en caliente durante el enfriamiento de la pieza"
414,"La velocidad de deformación durante el estirado de una barra de aluminio de 15 a 12 mm de diámetro y cuya velocidad de salida es de 0,2 m/s, donde la matriz tiene un ángulo de 30º con la horizontal, es de 14,9 s-1"
415,El mayor tonelaje de las aleaciones sinterizadas es de W y Mo y en mucha menor proporción de Fe o Al
416,El bloque del motor de los automóviles de alta gama se está realizando por sinterización
417,Para fabricar fibras de vidrio se puede utilizar el estirado de filamentos continuos
418,"Se han desarrollado tecnologías de moldeo que permiten obtener propiedades mecánicas, precisión y acabado que compiten con los materiales obtenidos por forja"
419,"Los machos pueden ser metálicos, pero su forma debe permitir la remoción de la pieza, o deben ser mecánicamente desmontables"
420,La sinterización en fase líquida requiere utilizar metales que tengan un punto de fusión cercano
421,La extrusión por impacto es una variante de la extrusión directa
422,"En moldeo, los modelistas deben considerar la contracción por solidificación para sobredimensionar las cavidades de los moldes"
423,"La densificación es una operación de prensado, en la cual se deforma la pieza en una matriz para aumentar la densidad y mejorar las propiedades físicas o modificar la geometría de la pieza"
424,"En pulvimetalurgia, el moldeo por inyección metálica (MIM) utiliza polvos metálicos mezclados con un aglomerante"
425,El nucleante añadido para la cristalización de las vitrocerámicas es TiO2
426,Una de las limitaciones del moldeo por inyección a alta presión es que las piezas deben ser extraídas rápidamente del molde
427,"En pulvimetalurgia, el prensado isostático en caliente emplea como medio de compresión gases como helio o argón"
428,El moldeo en estado semisólido permite obtener piezas con mejor calidad metalúrgica y menos defectos
429,"El PVC se utiliza, entre otras aplicaciones, para fabricar láminas y películas"
430,El estirado permite fabricar barras de sección rectangular o cuadrada
431,"La aparición de grietas en los rodillos de laminación causadas por fatiga térmica, provocan en las chapas el defecto de piel de cocodrilo"
432,Los aceros inoxidables austeníticos son más fáciles de conformar plásticamente que los austeno-ferríticos
433,Los sistemas con polvos elementales: Fe-Cu y W-Cu se utilizan para fabricación de piezas por sinterización en fase líquida
434,"En la embutición debe lubricarse la matriz, pero no el punzón para aumentar el rozamiento en dicha zona"
435,"En pulvimetalurgia, un ángulo de reposo más pequeño supone un llenado automático más difícil de la matriz, previo al prensado de los polvos"
436,Uno de los inconvenientes del moldeo por microfusión es su deficiente acabado superficial
437,"En un tratamiento térmico de recocido a temperatura constante, se produce la recristalización sin que llegue a producirse la recuperación"
438,"En pulvimetalurgia, la extrusión de polvos permite alcanzar un alto grado de densificación"
439,Las vitrocerámicas requieren la adición de un nucleante para cristalizar
440,"La obtención de polvos metálicos por reducción química puede realizarse con monóxido de carbono, dióxido de carbono o mezclas de ambos"
441,La extrusión indirecta puede aplicarse a aleaciones de aluminio
442,"En los cerámicos tradicionales, el cocido deshidrata el silicato de aluminio y genera a alta temperatura beta cristobalita, creando uniones atómicas entre los granos cerámicos individuales, lo que va acompañado de densificación y reducción de porosidad"
443,"La limpieza de las piezas moldeadas en coquilla es más necesaria y costosa que la limpieza de las moldeadas en arena, ya que esta se desprende fácilmente"
444,"El agrietamiento en caliente en moldeo, se produce cuando el molde restringe la contracción de la pieza después de la solidificación"
445,"En el moldeo en arena, los moldes de arena verde son los más caros, aunque proporcionan mejores propiedades superficiales a la pieza"
446,"El aluminio puro no puede colarse en molde permanente, debido a que su baja resistencia le hace muy sensible a los desgarramientos en caliente"
447,"En pulvimetalurgia, la densidad teórica es siempre menor que la densidad volumétrica"
448,Los copos son láminas o escamas delgadas mal adheridas a la superficie de los productos laminados o forjados
449,"Los moldes de arena se compactan a mano o de forma automática por presión neumática o vibración alrededor del modelo, en las partes superior e inferior de la caja de moldeo"
450,"En pulvimetalurgia, la relación de aspecto de una partícula metálica acicular puede llegar a 0,4"
451,"Los moldes cerámicos están limitados a la fabricación de aleaciones de bajo punto de fusión (Al, Mg, etc)"
452,"Antes de la inyección del metal líquido, las coquillas de acero se rocían con desmoldeante para facilitar la posterior extracción de las piezas del molde"
453,La ruptura por fusión de un polímero termoplástico se produce cuando la velocidad de corte durante su conformado alcanza los valores de 104 s-1
454,"En el moldeo en arena, el molde interior o macho, si no está bien fijado en el molde exterior, puede ser desplazado hacia arriba por la presión metalostática del metal en estado líquido"
455,"Si el tratamiento de recristalización ha sido correcto, el tamaño de grano recristalizado será similar o inferior al tamaño original"
456,La fabricación y manipulación de los polvos metálicos para el sinterizado no requiere precauciones especiales
457,"La deformabilidad de una aleación depende de su composición química, pero no de su estado de tratamiento térmico"
458,"El moldeo o vaciado deslizante es un proceso de conformado, en cerámicas tradicionales, que utiliza una mezcla con un 25-40% aproximadamente de agua"
459,El Moldeo por Deposición (FDM) es una técnica para la fabricación aditiva de metales
460,El proceso V de moldeo de metales es fácilmente automatizable
461,"Una pieza metálica fabricada por moldeo, tiene mejor la resistencia y ductilidad que la misma pieza, con la misma composición química, fabricada por conformación plástica"
462,La temperatura para la nucleación de la cristalización de las vitrocerámicas es 900ºC
463,"En la atomización de partículas metálicas mediante fluidos, se controla el tamaño de las partículas por la velocidad aplicada al fluido"
464,Se llama estampa a una matriz de forja cerrada
465,El esmaltado de materiales metálicos es un proceso similar al vidriado donde el sustrato es un metal
466,"La fabricación de objetos a partir de polvos metálicos, aglutinándolas para darles su forma final, es una tecnología utilizada desde la antigüedad para la obtención de herramientas y adornos"
467,Uno de los inconvenientes de los hornos de inducción es que el calentamiento y fusión del metal son muy lentos
468,El vidrio templado es un vidrio al que se le ha sometido a un tratamiento de calentamiento y enfriamiento para desarrollar un modelo conveniente de tensiones internas
469,Los latones alfa + beta son más fáciles de conformar que los latones alfa
470,"En pulvimetalurgia, el mecanizado se realiza habitualmente en las piezas sinterizadas, para ajustar las dimensiones finales de la pieza"
471,Los microrrechupes de una pieza moldeada se localizan en muchas ocasiones debajo de la piel de la pieza
472,"El mecanismo de sinterizado de los nuevos cerámicos es la difusión de masa a través de las superficies de contacto de las partículas, acompañada de flujo plástico, lo que ocasiona el movimiento de las partículas para juntarse y la densificación del material"
473,"La mayoría de las piezas moldeadas se fabrican con metales puros o casi puros, para que el intervalo de solidificación sea lo menor posible"
474,"En pulvimetalurgia, los aditivos utilizados durante la etapa de mezclado pueden ser: lubricantes, aglutinantes y desfloculantes"
475,La sinterización de polímeros elastómeros requiere pelets prealeados
476,"En pulvimetalurgia, los polvos se sometan a vibración cuando se quiere favorecer la homogenización"
477,La lana de vidrio se fabrica mediante aspersión centrífuga
478,Las piezas de vidrio obtenidas por moldeo no necesitan esmerilarse ni pulirse
479,"Las aplicaciones del moldeo por inyección de polvos para los nuevos cerámicos son limitadas, debido a las dificultades en la desaglomeración y el sinterizado"
480,"En la recristalización se modifica la geometría del grano deformado a grano equiaxial, sin que aparezcan nuevos cristales"
481,"En el moldeo en arena, resistencia es la capacidad del molde para mantener su forma y soportar la erosión causada por el flujo del metal líquido"
482,"El sinterizado de los metales se lleva a cabo a temperaturas entre 0,7 y 0,9 del punto de fusión en grados Kelvin"
483,"En moldeo, rechupe es un hueco interno, causado por haber quedado zonas líquidas aisladas durante la solidificación"
484,El moldeo por microfusión es una de las técnicas de moldeo más recientes
485,"Una chapa de acero templada y revenida, debido a su microestructura, se la denomina acero negro"
486,"En la caracterización de los polvos metálicos, el factor de forma (Ks) de una esfera es menor que el de un cilindro"
487,"En pulvimetalurgia, la relación de aspecto de una partícula, es la relación entre la dimensión máxima y mínima de dicha partícula"
488,El componente principal del vidrio es la sílice (SiO2)
489,Los enfriadores se utilizan frecuentemente en secciones de la pieza moldeada que son difíciles de alimentar con metal líquido
490,"En moldeo, los enfriadores internos suelen ser de aluminio debido a su elevada conductividad térmica"
491,En la etapa de restauración o recuperación se produce un aumento de la resistencia y la dureza
492,El conformado por deformación de las aleaciones bifásicas es más fácil que el de las monofásicas
493,"En el moldeo en arena con un modelo de espuma de poliestireno, éste se vaporiza al colar el metal fundido dentro del molde"
494,"Los moldes de yeso (2CaSO4-H20), utiliza aditivos como el talco y la arena de sílice para controlar la contracción y el tiempo de fraguado"
495,Los moldes de yeso fraguan en menos de cinco minutos
496,Los hornos de arco eléctrico se utilizan principalmente para la fabricación de los aceros
497,"La extrusión indirecta de un tocho de acero inoxidable austenítico de 100 mm de diámetro, constante de extrusión 400 MPa, requiere una fuerza del pistón de 10,11 MN para obtener un redondo de 20 mm de diámetro"
498,La colada continua tiene una mayor productividad que la colada en lingotera
499,"La extrusión indirecta de un tocho de aluminio de 200 mm de diámetro, constante de extrusión 90 MPa, requiere una fuerza del pistón de 20,46 MN para obtener un redondo de 25 mm de diámetro"
500,En la extrusión directa con falso bloque el diámetro del punzón es mayor que la cámara de extrusión
501,El soplado del vidrio es un procedimiento mayoritariamente manual
502,"La porcelana, por su alta calidad, se la considera entre los nuevos productos cerámicos"
503,"La tecnología de moldeo está adaptada para la fabricación de piezas complejas, no para la producción en serie"
504,"El moldeo por microfusión permite hacer piezas pequeñas, pero no de gran tamaño"
505,"Los tubos de MCMP se pueden fabricar a partir de láminas de preimpregnados, mediante enrollado"
506,La atomización de polvos metálicos con aceite sintético permite reducir su oxidación
507,"En el moldeo a la cera perdida, la cera se recoge para reutilizarse"
508,"En el conformado por estirado del acero, la velocidad de deformación es directamente proporcional a la relación de espesores inicial y final"
509,"En moldeo, algunos procesos pueden llegar a alcanzar velocidades de fabricación de 400 piezas por hora"
510,El recalcado convierte formas planas en cuerpos huecos
511,"En pulvimetalurgia, la forja de polvos requiere unas herramientas más caras de fabricar que la forja convencional"
512,"Se pueden aplicar a las piezas sinterizadas operaciones de acabado como recubrimientos (electrodeposición, pintura, etc) para mejorar su apariencia y resistencia a la corrosión"
513,"En los cerámicos tradicionales, el cocido puede realizarse de forma que se mantenga una cierta porosidad en la pieza terminada"
514,El vidrio templado es más resistente a la tracción que a la compresión
515,Una de las técnicas más utilizadas para producir polvos cerámicos es la atomización
516,"Una pieza moldeada con defectos no debe repararse mediante soldadura, ya que las zonas reparadas tendrán peores propiedades que el resto de la pieza"
517,En el moldeo por inyección a baja presión el metal líquido se introduce dentro de la cavidad a una presión aproximada de 10 MPa
518,"Una chapa de acero, al pasar de la laminación en caliente a la laminación en frío, debe pasar por un baño de decapado para eliminar la cascarilla de su superficie"
519,Las aleaciones de zinc se moldean bien en coquilla porque tienen un bajo punto de fusión y buena fluidez
520,Se obtienen partículas de polvo de hierro de alta pureza por descomposición del pentacarbonilo de hierro
521,"En el prensado isostático en caliente, durante la sinterización, actúan conjuntamente como mecanismos de transporte de átomos la difusión y el flujo plástico"
522,"La pérdida de las fuerzas de enlace entre las cadenas de un polímero termoplástico, causando su desestructuración se denomina ruptura por fusión"
523,La sinterización de piezas de acero inoxidable se realiza a temperaturas en torno a 1200ºC
524,"En pulvimetalurgia, los aceros rápidos se suelen fabricar utilizando polvos elementales"
525,"Los bebederos y mazarotas eliminados en el recorte de las piezas moldeadas, se reciclan para fabricar nuevas piezas"
526,Los defectos denominados venas segregadas y estructura en bandas provienen de pliegues generados durante la laminación que contienen óxidos en su interior
527,"El llenado incompleto, en una pieza moldeada, se produce cuando dos porciones de metal, fluyen al mismo tiempo pero hay una falta de fusión entre ellos"
528,"Los puntos de alfiler en una pieza moldeada, se producen cuando la fluidez del metal líquido es muy alta"
529,Las matrices de forja se fabrican con acero aleado templado y revenido para asegurar elevada tenacidad y resistencia al desgaste
530,Una zona del molde retráctil puede prevenir la aparición de desgarros en caliente en piezas moldeadas
531,El acero al carbono (n=025) se endurece más rápidamente que el inoxidable austenítico (n=04) durante el conformado por deformación en frío
532,"Una vez solidificada una pieza moldeada, las mazarotas deben eliminarse"
533,"Los nuevos materiales compuestos de matriz cerámica utilizan matrices de Al2O3, BN y Si3N4"
534,"En el moldeo en arena, los granos pequeños proporcionan mejor acabado superficial de la pieza, pero los granos grandes son más permeables"
535,La extrusión por impacto produce piezas con un acabado excelente
536,Un defecto plano en el centro de una chapa laminada que puede ser de gran tamaño suele provenir de un rechupe del lingote
537,"En pulvimetalurgia, en el moldeo por inyección de polvos, la compactación y la sinterización se realizan de manera simultánea"
538,El proceso de conformado de plásticos por termoformado es similar a la pultrusión en la fabricación de MCMP
539,"En el conformado por estirado del acero, la fuerza requerida para el estirado es igual a la tensión de compresión soportada por el tocho conformado multiplicada por la sección inicial"
540,Los cojinetes autolubricantes de bronce suelen estar impregnados con un porcentaje de aceite del 10 al 30%
541,"Algunos polvos metálicos, como el aluminio, presentan riesgo de ignición e incluso explosión"
542,En el proceso de moldeo en molde semipermanente se utilizan machos de arena
543,La mayoría de las piezas fabricadas por sinterización alcanzan pesos superiores a 20 Kg
544,"En moldeo, los modelos con placa permiten una alineación precisa entre las partes inferior y superior del molde"
545,El fibrado que se produce en el proceso de forja hace a las piezas más resistentes y tenaces que las obtenidas por corte o mecanizado de chapas previamente laminadas
546,Los nuevos materiales compuestos de matriz cerámica pueden fabricarse con refuerzos de fibras metálicas
547,La colada semicentrífuga se utiliza para fabricar volantes de inercia y poleas
548,La porcelana y el gres requieren temperaturas de cocido entre 900 y 1000ºC
549,"En el proceso V de moldeo de metales, la arena de moldeo se mantiene unida mediante un aglutinante químico"
550,La inyección de gas dentro de un metal fundido puede generar metales porosos de densidad inferior a uno (flotaría en el agua)
551,"En moldeo, una unión fría es un área rugosa formada por incrustaciones de arena y metal"
552,El rechupe ocurre frecuentemente en la parte inferior de la pieza moldeada
553,"En pulvimetalurgia, las presiones típicas de compactación fluctúan entre 70 MPa para polvos de aluminio y 700 MPa para polvos de hierro y acero"
554,"En la colada centrífuga real al estar el molde en movimiento no se produce el crecimiento dendrítico, obteniéndose un grano fino, baja porosidad y buenas propiedades mecánicas"
555,"En pulvimetalurgia, las películas superficiales (óxidos, sílice, humedad, etc) pueden ser un problema, por lo que deben eliminarse antes del procesado"
556,Los polímeros termoestables requieren ser curados para ser rígidos a temperatura ambiente
557,Los polvos de níquel y cobalto se suelen obtener por electrolisis
558,El moldeo a alta presión es un proceso de solidificación de metales en coquilla
559,El esmaltado de los metales es un proceso similar al vidriado que se realiza en los cerámicos tradicionales
560,El rechupe por contracción se puede evitar con un buen diseño de la mazarota
561,Se pueden fabricar por sinterización filtros metálicos con un grado controlado de porosidad
562,La espuma de poliuretano (PU) se llama comercialmente poliespán o corcho blanco
563,"La mazarota dentro del molde de arena, debe estar conectada a la cavidad principal por un canal para alimentarla con metal fundido durante la solidificación"
564,"En pulvimetalurgia, en el moldeo por inyección de polvos, los aglomerantes más utilizados son los geles"
565,"En pulvimetalurgia, una partícula se denomina redondeada cuando su relación de aspecto está próximo a 1"
566,Para el moldeo a alta presión de aceros y fundiciones a veces se utilizan moldes de wolframio o molibdeno
567,El manejo y almacenamiento del aluminio en polvo es más fácil y eficiente que en forma de barras o perfiles
568,Un metal amorfo para que cristalice tiene que volver a pasar por el estado líquido
569,Los moldes cerámicos pueden soportar temperaturas más altas que los moldes de yeso
570,"En la extrusión directa de una barra de aluminio 6063 de 25 mm de diámetro, partiendo de un tocho 200 mm de diámetro, donde el ángulo de la matriz de la extrusora es 45º, se aplica al pistón una velocidad de 0,1 m/s, dando como resultado una velocidad de deformación a la salida de la extrusora de 107 s-1"
571,"En el moldeo en arena, los moldes hechos de granos irregulares son más fuertes que los moldes de granos redondos debido al entrelazado de los granos"
572,"La arena de moldeo puede utilizar aglutinantes orgánicos, como las resinas fenólicas, en vez de arcilla"
573,Los procesos de recorte o desbarbado de las piezas moldeadas son fácilmente automatizables
574,"La contracción de una pieza moldeada dentro del molde no depende del material, sino de la temperatura de colada"
575,"En pulvimetalurgia, la fricción interparticular se define como el ángulo de reposo formado por un montón de partículas, cuando se vacían a través de un embudo angosto"
576,La piel de una pieza moldeada es la zona que tiene mejores propiedades mecánicas
577,"La proporción típica de la arena de moldeo es 90% de arena, 3% de agua y 7% de arcilla"
578,"La espumación por inyección directa de gas en el metal fundido, se utiliza para fabricar espumas de aluminio"
579,"En la fabricación por sinterización, la etapa de mezcla no puede evitarse en la fabricación con polvos prealeados"
580,"Debido a la porosidad de las piezas sinterizadas, deben usarse hornos con atmósfera protegida durante la sinterización para evitar su oxidación y pérdida de propiedades"
581,Los preimpregnados son fibras impregnadas con resinas termoestables totalmente curadas
582,El moldeo en coquilla está especialmente diseñado para obtener piezas de elevada complejidad geométrica
583,"La contracción experimentada en el sinterizado de los nuevos materiales cerámicos, puede ser del 20% o superior"
584,"Un metal amorfo por debajo de la temperatura de no cristalización (T*), tiene la misma microestructura que un líquido subenfriado"
585,El moldeo del vidrio se utiliza para conseguir altas velocidades de producción
586,"Inmediatamente después del vertido de un metal puro, en estado líquido, en el molde se forma en sus paredes una capa de granos de metal sólidos gruesos y orientados hacia el centro"
587,"En pulvimetalurgia, el prensado isostático produce más variaciones de densidad en las piezas compactadas que el prensado uniaxial"
588,"La piel de una pieza moldeada, debido a la rápida solidificación, suele tener un alto contenido de poros"
589,El moldeo en coquilla resulta económico para volúmenes grandes de producción
590,"La principal desventaja del moldeo por inyección a baja presión es que se introduce el metal en el molde con elevada exposición al aire, con el consiguiente riesgo de oxidación"
591,Las piezas de vidrio obtenidas por moldeo deben enfriarse rápidamente para evitar tensiones internas
592,"El tiempo de solidificación de un lingote de acero en lingotera suele ser corto, alrededor de 15 minutos"
593,El número total de aberturas por pulgada cuadrada de una malla 200 es 40000
594,"El moldeo en moldes permanentes produce una solidificación rápida, generando una estructura de grano fino con mejores propiedades mecánicas que las piezas moldeadas en arena"
595,El moldeo a la cera perdida utiliza moldes permanentes
596,La espuma de poliuretano (PU) se obtiene mediante la generación de CO2 por reacción química durante su polimerización
597,"En pulvimetalurgia, en el moldeo por inyección de polvos, el aglomerante se elimina por tratamiento térmico o con disolventes"
598,"Los cermets basados en los óxidos Al2O3 y MgO, utilizan el cromo como aglutinante"
599,"En el moldeo de polímeros termoestables por inyección y reacción, la reacción es un proceso de curado o reticulación del polímero"
600,"El proceso Bayer para producir alúmina de alta pureza, utiliza la técnica de secado por congelación"
601,"En pulvimetalurgia, el principal mecanismo que produce el transporte de masa durante la sinterización es la difusión"
602,En la mayoría de los metales y aleaciones el valor del tiempo crítico de no cristalización (t*) es muy pequeño
603,La obtención de polvos por reducción con hidrógeno se denomina liofilización
604,"En el moldeo en arena, los moldes de arena seca se fabrican con aglomerantes orgánicos en lugar de arcilla"
605,Los polímeros termoestables tienen un comportamiento elástico-rígido
606,En la laminación de chapa de acero la velocidad de deformación es inversamente proporcional a la longitud de la superficie de la chapa en contacto con los rodillos de laminación
607,"Fabricación aditiva (impresión 3D) se utiliza para fabricar piezas poliméricas, pero no metálicas"
608,un cubilote es un horno cilíndrico vertical consistente en una carcasa de acero revestida interiormente con ladrillos refractarios
609,"En el moldeo a la cera perdida, el molde maestro de silicona lo realiza el escultor"
610,La colabilidad de un metal se ve favorecida por un estrecho intervalo de solidificación
611,En la extrusión de polímeros la velocidad de corte es del orden de 10^3 s^-1
612,"En pulvimetalurgia, la mezcla de los polvos no es necesario realizarla cuando los polvos tienen la misma composición química"
613,"Las palanquillas, perfiles y chapones obtenidos por colada continua se les suele denominar semiproductos"
614,Los aglutinantes son aditivos que se añaden a los polvos para lograr mayor resistencia en las piezas sinterizadas
615,El temple del vidrio se realiza enfriando la pieza desde los 500ºC
616,"La velocidad de deformación en el trefilado de una barra de latón de 10 a 8 mm de diámetro y cuya velocidad de salida es 0,3m/s, donde la matriz tiene un ángulo de 30º con la horizontal, es de 22,6 s^-1"
617,"En pulvimetalurgia, una partícula se denomina agregada, cuando está constituida por la acumulación de otras partículas más pequeñas"
618,"En la colada centrifugada, la simetría radial de la pieza es necesaria para la aplicación del proceso"
619,La extrusión hidrostática permite mayores deformaciones que la extrusión directa
620,La fabricación de piezas metálicas sinterizadas es difícil de automatizar
621,"En moldeo, la cavidad del molde debe hacerse ligeramente sobredimensionada para permitir la contracción durante la solidificación"