uniqueQuestionId,answerText,isCorrect
1,w,TRUE
1,a,TRUE
1,r+,TRUE
1,r,FALSE
2,fgetc(),TRUE
2,fgets(),TRUE
2,fscanf(),TRUE
2,fwrite(),FALSE
3,Guarda (flush) en el disco los datos pendientes del búfer,TRUE
3,Libera el puntero FILE* asociado al archivo,TRUE
3,Devuelve 0 si el archivo se cerró de manera exitosa,TRUE
3,Elimina físicamente el archivo del disco duro,FALSE
4,"fseek(fp, 0, SEEK_END);",TRUE
4,long pos = ftell(fp);,TRUE
4,rewind(fp);,TRUE
4,fflush(fp);,FALSE
5,El modo r crea automáticamente un archivo nuevo si no existe,FALSE
5,fopen() devuelve NULL al no encontrar el archivo,TRUE
5,Es indispensable verificar si el puntero retornado es NULL antes de operar,TRUE
5,El programa finaliza automáticamente mediante una excepción no capturable,FALSE
6,Verdadero,FALSE
6,Falso,TRUE
7,Verdadero,FALSE
7,Falso,TRUE
8,Verdadero,FALSE
8,Falso,TRUE
9,Verdadero,TRUE
9,Falso,FALSE
10,Verdadero,FALSE
10,Falso,TRUE
11,Verdadero,TRUE
11,Falso,FALSE
12,Verdadero,FALSE
12,Falso,TRUE
13,Verdadero,FALSE
13,Falso,TRUE
14,Verdadero,TRUE
14,Falso,FALSE
15,Verdadero,TRUE
15,Falso,FALSE
16,Verdadero,TRUE
16,Falso,FALSE
17,Verdadero,TRUE
17,Falso,FALSE
18,Verdadero,TRUE
18,Falso,FALSE
19,Verdadero,FALSE
19,Falso,TRUE
20,Verdadero,FALSE
20,Falso,TRUE
21,Verdadero,TRUE
21,Falso,FALSE
22,Verdadero,TRUE
22,Falso,FALSE
23,Verdadero,FALSE
23,Falso,TRUE
24,Verdadero,FALSE
24,Falso,TRUE
25,Verdadero,TRUE
25,Falso,FALSE
26,Verdadero,FALSE
26,Falso,TRUE
27,Verdadero,FALSE
27,Falso,TRUE
28,Verdadero,TRUE
28,Falso,FALSE
29,Verdadero,FALSE
29,Falso,TRUE
30,Verdadero,TRUE
30,Falso,FALSE
31,Verdadero,TRUE
31,Falso,FALSE
32,Verdadero,TRUE
32,Falso,FALSE
33,Verdadero,TRUE
33,Falso,FALSE
34,Verdadero,FALSE
34,Falso,TRUE
35,Verdadero,TRUE
35,Falso,FALSE
36,Verdadero,FALSE
36,Falso,TRUE
37,Verdadero,FALSE
37,Falso,TRUE
38,Verdadero,FALSE
38,Falso,TRUE
39,Verdadero,TRUE
39,Falso,FALSE
40,Verdadero,FALSE
40,Falso,TRUE
41,Verdadero,TRUE
41,Falso,FALSE
42,Verdadero,FALSE
42,Falso,TRUE
43,Verdadero,FALSE
43,Falso,TRUE
44,Verdadero,FALSE
44,Falso,TRUE
45,Verdadero,TRUE
45,Falso,FALSE
46,Verdadero,FALSE
46,Falso,TRUE
47,Verdadero,TRUE
47,Falso,FALSE
48,Verdadero,FALSE
48,Falso,TRUE
49,Verdadero,FALSE
49,Falso,TRUE
50,Verdadero,FALSE
50,Falso,TRUE
51,Verdadero,FALSE
51,Falso,TRUE
52,Verdadero,TRUE
52,Falso,FALSE
53,Verdadero,FALSE
53,Falso,TRUE
54,Verdadero,FALSE
54,Falso,TRUE
55,Verdadero,FALSE
55,Falso,TRUE
56,Verdadero,FALSE
56,Falso,TRUE
57,Verdadero,TRUE
57,Falso,FALSE
58,Verdadero,TRUE
58,Falso,FALSE
59,Verdadero,FALSE
59,Falso,TRUE
60,Verdadero,TRUE
60,Falso,FALSE
61,Verdadero,TRUE
61,Falso,FALSE
62,Verdadero,FALSE
62,Falso,TRUE
63,Verdadero,FALSE
63,Falso,TRUE
64,Verdadero,TRUE
64,Falso,FALSE
65,Verdadero,FALSE
65,Falso,TRUE
66,Verdadero,FALSE
66,Falso,TRUE
67,Verdadero,FALSE
67,Falso,TRUE
68,Verdadero,TRUE
68,Falso,FALSE
69,Verdadero,FALSE
69,Falso,TRUE
70,Verdadero,FALSE
70,Falso,TRUE
71,Verdadero,FALSE
71,Falso,TRUE
72,Verdadero,TRUE
72,Falso,FALSE
73,Verdadero,FALSE
73,Falso,TRUE
74,Verdadero,FALSE
74,Falso,TRUE
75,Verdadero,FALSE
75,Falso,TRUE
76,Verdadero,FALSE
76,Falso,TRUE
77,Verdadero,FALSE
77,Falso,TRUE
78,Verdadero,FALSE
78,Falso,TRUE
79,Verdadero,TRUE
79,Falso,FALSE
80,Verdadero,TRUE
80,Falso,FALSE
81,Verdadero,FALSE
81,Falso,TRUE
82,Verdadero,FALSE
82,Falso,TRUE
83,Verdadero,TRUE
83,Falso,FALSE
84,Verdadero,FALSE
84,Falso,TRUE
85,Verdadero,FALSE
85,Falso,TRUE
86,Verdadero,TRUE
86,Falso,FALSE
87,Verdadero,FALSE
87,Falso,TRUE
88,Verdadero,TRUE
88,Falso,FALSE
89,Verdadero,TRUE
89,Falso,FALSE
90,Verdadero,FALSE
90,Falso,TRUE
91,Verdadero,TRUE
91,Falso,FALSE
92,Verdadero,TRUE
92,Falso,FALSE
93,Verdadero,FALSE
93,Falso,TRUE
94,Verdadero,TRUE
94,Falso,FALSE
95,Verdadero,TRUE
95,Falso,FALSE
96,Verdadero,TRUE
96,Falso,FALSE
97,Verdadero,FALSE
97,Falso,TRUE
98,Verdadero,FALSE
98,Falso,TRUE
99,Verdadero,TRUE
99,Falso,FALSE
100,Verdadero,FALSE
100,Falso,TRUE
101,Verdadero,FALSE
101,Falso,TRUE
102,Verdadero,TRUE
102,Falso,FALSE
103,Verdadero,FALSE
103,Falso,TRUE
104,Verdadero,FALSE
104,Falso,TRUE
105,Verdadero,TRUE
105,Falso,FALSE
106,Verdadero,TRUE
106,Falso,FALSE
107,Verdadero,FALSE
107,Falso,TRUE
108,Verdadero,FALSE
108,Falso,TRUE
109,Verdadero,FALSE
109,Falso,TRUE
110,Verdadero,TRUE
110,Falso,FALSE
111,Verdadero,TRUE
111,Falso,FALSE
112,Verdadero,FALSE
112,Falso,TRUE
113,Verdadero,FALSE
113,Falso,TRUE
114,Verdadero,TRUE
114,Falso,FALSE
115,Verdadero,TRUE
115,Falso,FALSE
116,Verdadero,TRUE
116,Falso,FALSE
117,Verdadero,FALSE
117,Falso,TRUE
118,Verdadero,TRUE
118,Falso,FALSE
119,Verdadero,FALSE
119,Falso,TRUE
120,Verdadero,TRUE
120,Falso,FALSE
121,Verdadero,FALSE
121,Falso,TRUE
122,Verdadero,TRUE
122,Falso,FALSE
123,Verdadero,FALSE
123,Falso,TRUE
124,Verdadero,FALSE
124,Falso,TRUE
125,Verdadero,FALSE
125,Falso,TRUE
126,Verdadero,TRUE
126,Falso,FALSE
127,Verdadero,FALSE
127,Falso,TRUE
128,Verdadero,TRUE
128,Falso,FALSE
129,Verdadero,FALSE
129,Falso,TRUE
130,Verdadero,FALSE
130,Falso,TRUE
131,Verdadero,TRUE
131,Falso,FALSE
132,Verdadero,TRUE
132,Falso,FALSE
133,Verdadero,TRUE
133,Falso,FALSE
134,Verdadero,TRUE
134,Falso,FALSE
135,Verdadero,TRUE
135,Falso,FALSE
136,Verdadero,FALSE
136,Falso,TRUE
137,Verdadero,FALSE
137,Falso,TRUE
138,Verdadero,TRUE
138,Falso,FALSE
139,Verdadero,TRUE
139,Falso,FALSE
140,Verdadero,FALSE
140,Falso,TRUE
141,Verdadero,TRUE
141,Falso,FALSE
142,Verdadero,FALSE
142,Falso,TRUE
143,Verdadero,TRUE
143,Falso,FALSE
144,Verdadero,TRUE
144,Falso,FALSE
145,Verdadero,TRUE
145,Falso,FALSE
146,Verdadero,FALSE
146,Falso,TRUE
147,Verdadero,TRUE
147,Falso,FALSE
148,Verdadero,TRUE
148,Falso,FALSE
149,Verdadero,TRUE
149,Falso,FALSE
150,Verdadero,FALSE
150,Falso,TRUE
151,Verdadero,TRUE
151,Falso,FALSE
152,Verdadero,TRUE
152,Falso,FALSE
153,Verdadero,FALSE
153,Falso,TRUE
154,Verdadero,TRUE
154,Falso,FALSE
155,Verdadero,FALSE
155,Falso,TRUE
156,Verdadero,TRUE
156,Falso,FALSE
157,Verdadero,TRUE
157,Falso,FALSE
158,Verdadero,TRUE
158,Falso,FALSE
159,Verdadero,FALSE
159,Falso,TRUE
160,Verdadero,FALSE
160,Falso,TRUE
161,Verdadero,TRUE
161,Falso,FALSE
162,Verdadero,TRUE
162,Falso,FALSE
163,Verdadero,TRUE
163,Falso,FALSE
164,Verdadero,FALSE
164,Falso,TRUE
165,Verdadero,FALSE
165,Falso,TRUE
166,Verdadero,FALSE
166,Falso,TRUE
167,Verdadero,TRUE
167,Falso,FALSE
168,Verdadero,TRUE
168,Falso,FALSE
169,Verdadero,TRUE
169,Falso,FALSE
170,Verdadero,TRUE
170,Falso,FALSE
171,Verdadero,FALSE
171,Falso,TRUE
172,Verdadero,TRUE
172,Falso,FALSE
173,Verdadero,TRUE
173,Falso,FALSE
174,Verdadero,FALSE
174,Falso,TRUE
175,Verdadero,TRUE
175,Falso,FALSE
176,Verdadero,FALSE
176,Falso,TRUE
177,Verdadero,TRUE
177,Falso,FALSE
178,Verdadero,TRUE
178,Falso,FALSE
179,Verdadero,FALSE
179,Falso,TRUE
180,Verdadero,FALSE
180,Falso,TRUE
181,Verdadero,TRUE
181,Falso,FALSE
182,Verdadero,TRUE
182,Falso,FALSE
183,Verdadero,FALSE
183,Falso,TRUE
184,Verdadero,TRUE
184,Falso,FALSE
185,Verdadero,TRUE
185,Falso,FALSE
186,Verdadero,TRUE
186,Falso,FALSE
187,Verdadero,FALSE
187,Falso,TRUE
188,Verdadero,TRUE
188,Falso,FALSE
189,Verdadero,TRUE
189,Falso,FALSE
190,Verdadero,TRUE
190,Falso,FALSE
191,Verdadero,TRUE
191,Falso,FALSE
192,Verdadero,FALSE
192,Falso,TRUE
193,Verdadero,FALSE
193,Falso,TRUE
194,Verdadero,FALSE
194,Falso,TRUE
195,Verdadero,TRUE
195,Falso,FALSE
196,Verdadero,TRUE
196,Falso,FALSE
197,Verdadero,FALSE
197,Falso,TRUE
198,Verdadero,FALSE
198,Falso,TRUE
199,Verdadero,FALSE
199,Falso,TRUE
200,Verdadero,FALSE
200,Falso,TRUE
201,Verdadero,FALSE
201,Falso,TRUE
202,Verdadero,TRUE
202,Falso,FALSE
203,Verdadero,FALSE
203,Falso,TRUE
204,Verdadero,TRUE
204,Falso,FALSE
205,Verdadero,TRUE
205,Falso,FALSE
206,Verdadero,TRUE
206,Falso,FALSE
207,Verdadero,TRUE
207,Falso,FALSE
208,Verdadero,FALSE
208,Falso,TRUE
209,Verdadero,TRUE
209,Falso,FALSE
210,Verdadero,FALSE
210,Falso,TRUE
211,Verdadero,FALSE
211,Falso,TRUE
212,Verdadero,FALSE
212,Falso,TRUE
213,Verdadero,FALSE
213,Falso,TRUE
214,Verdadero,FALSE
214,Falso,TRUE
215,Verdadero,TRUE
215,Falso,FALSE
216,Verdadero,TRUE
216,Falso,FALSE
217,Verdadero,FALSE
217,Falso,TRUE
218,Verdadero,FALSE
218,Falso,TRUE
219,Verdadero,FALSE
219,Falso,TRUE
220,Verdadero,FALSE
220,Falso,TRUE
221,Verdadero,FALSE
221,Falso,TRUE
222,Verdadero,TRUE
222,Falso,FALSE
223,Verdadero,TRUE
223,Falso,FALSE
224,Verdadero,FALSE
224,Falso,TRUE
225,Verdadero,FALSE
225,Falso,TRUE
226,Verdadero,FALSE
226,Falso,TRUE
227,Verdadero,FALSE
227,Falso,TRUE
228,Verdadero,FALSE
228,Falso,TRUE
229,Verdadero,TRUE
229,Falso,FALSE
230,Verdadero,FALSE
230,Falso,TRUE
231,Verdadero,FALSE
231,Falso,TRUE
232,Verdadero,FALSE
232,Falso,TRUE
233,Verdadero,TRUE
233,Falso,FALSE
234,Verdadero,TRUE
234,Falso,FALSE
235,Verdadero,TRUE
235,Falso,FALSE
236,Verdadero,TRUE
236,Falso,FALSE
237,Verdadero,TRUE
237,Falso,FALSE
238,Verdadero,FALSE
238,Falso,TRUE
239,Verdadero,TRUE
239,Falso,FALSE
240,Verdadero,TRUE
240,Falso,FALSE
241,Verdadero,TRUE
241,Falso,FALSE
242,Verdadero,FALSE
242,Falso,TRUE
243,Verdadero,TRUE
243,Falso,FALSE
244,Verdadero,FALSE
244,Falso,TRUE
245,Verdadero,TRUE
245,Falso,FALSE
246,Verdadero,FALSE
246,Falso,TRUE
247,Verdadero,TRUE
247,Falso,FALSE
248,Verdadero,FALSE
248,Falso,TRUE
249,Verdadero,FALSE
249,Falso,TRUE
250,Verdadero,TRUE
250,Falso,FALSE
251,Verdadero,FALSE
251,Falso,TRUE
252,Verdadero,TRUE
252,Falso,FALSE
253,Verdadero,FALSE
253,Falso,TRUE
254,Verdadero,TRUE
254,Falso,FALSE
255,Verdadero,TRUE
255,Falso,FALSE
256,Verdadero,TRUE
256,Falso,FALSE
257,Verdadero,FALSE
257,Falso,TRUE
258,Verdadero,TRUE
258,Falso,FALSE
259,Verdadero,TRUE
259,Falso,FALSE
260,Verdadero,FALSE
260,Falso,TRUE
261,Verdadero,TRUE
261,Falso,FALSE
262,Verdadero,FALSE
262,Falso,TRUE
263,Verdadero,FALSE
263,Falso,TRUE
264,Verdadero,TRUE
264,Falso,FALSE
265,Verdadero,FALSE
265,Falso,TRUE
266,Verdadero,TRUE
266,Falso,FALSE
267,Verdadero,FALSE
267,Falso,TRUE
268,Verdadero,TRUE
268,Falso,FALSE
269,Verdadero,FALSE
269,Falso,TRUE
270,Verdadero,FALSE
270,Falso,TRUE
271,Verdadero,TRUE
271,Falso,FALSE
272,Verdadero,FALSE
272,Falso,TRUE
273,Verdadero,TRUE
273,Falso,FALSE
274,Verdadero,FALSE
274,Falso,TRUE
275,Verdadero,FALSE
275,Falso,TRUE
276,Verdadero,FALSE
276,Falso,TRUE
277,Verdadero,FALSE
277,Falso,TRUE
278,Verdadero,TRUE
278,Falso,FALSE
279,Verdadero,FALSE
279,Falso,TRUE
280,Verdadero,FALSE
280,Falso,TRUE
281,Verdadero,FALSE
281,Falso,TRUE
282,Verdadero,TRUE
282,Falso,FALSE
283,Verdadero,FALSE
283,Falso,TRUE
284,Verdadero,FALSE
284,Falso,TRUE
285,Verdadero,FALSE
285,Falso,TRUE
286,Verdadero,TRUE
286,Falso,FALSE
287,Verdadero,TRUE
287,Falso,FALSE
288,Verdadero,FALSE
288,Falso,TRUE
289,Verdadero,TRUE
289,Falso,FALSE
290,Verdadero,FALSE
290,Falso,TRUE
291,Verdadero,TRUE
291,Falso,FALSE
292,Verdadero,TRUE
292,Falso,FALSE
293,Verdadero,FALSE
293,Falso,TRUE
294,Verdadero,TRUE
294,Falso,FALSE
295,Verdadero,FALSE
295,Falso,TRUE
296,Verdadero,FALSE
296,Falso,TRUE
297,Verdadero,FALSE
297,Falso,TRUE
298,Verdadero,TRUE
298,Falso,FALSE
299,Verdadero,TRUE
299,Falso,FALSE
300,Verdadero,TRUE
300,Falso,FALSE
301,Verdadero,FALSE
301,Falso,TRUE
302,Verdadero,FALSE
302,Falso,TRUE
303,Verdadero,TRUE
303,Falso,FALSE
304,Verdadero,FALSE
304,Falso,TRUE
305,Verdadero,FALSE
305,Falso,TRUE
306,Verdadero,TRUE
306,Falso,FALSE
307,Verdadero,TRUE
307,Falso,FALSE
308,Verdadero,FALSE
308,Falso,TRUE
309,Verdadero,FALSE
309,Falso,TRUE
310,Verdadero,TRUE
310,Falso,FALSE
311,Verdadero,FALSE
311,Falso,TRUE
312,Verdadero,TRUE
312,Falso,FALSE
313,Verdadero,TRUE
313,Falso,FALSE
314,Verdadero,TRUE
314,Falso,FALSE
315,Verdadero,FALSE
315,Falso,TRUE
316,Verdadero,TRUE
316,Falso,FALSE
317,Verdadero,FALSE
317,Falso,TRUE
318,Verdadero,TRUE
318,Falso,FALSE
319,Verdadero,FALSE
319,Falso,TRUE
320,Verdadero,FALSE
320,Falso,TRUE
321,Verdadero,TRUE
321,Falso,FALSE
322,Verdadero,TRUE
322,Falso,FALSE
323,Verdadero,TRUE
323,Falso,FALSE
324,Verdadero,TRUE
324,Falso,FALSE
325,Verdadero,TRUE
325,Falso,FALSE
326,Verdadero,TRUE
326,Falso,FALSE
327,Verdadero,FALSE
327,Falso,TRUE
328,Verdadero,TRUE
328,Falso,FALSE
329,Verdadero,TRUE
329,Falso,FALSE
330,Verdadero,TRUE
330,Falso,FALSE
331,Verdadero,FALSE
331,Falso,TRUE
332,Verdadero,FALSE
332,Falso,TRUE
333,Verdadero,TRUE
333,Falso,FALSE
334,Verdadero,TRUE
334,Falso,FALSE
335,Verdadero,FALSE
335,Falso,TRUE
336,Verdadero,FALSE
336,Falso,TRUE
337,Verdadero,FALSE
337,Falso,TRUE
338,Verdadero,FALSE
338,Falso,TRUE
339,Verdadero,FALSE
339,Falso,TRUE
340,Verdadero,FALSE
340,Falso,TRUE
341,Verdadero,TRUE
341,Falso,FALSE
342,Verdadero,TRUE
342,Falso,FALSE
343,Verdadero,FALSE
343,Falso,TRUE
344,Verdadero,FALSE
344,Falso,TRUE
345,Verdadero,FALSE
345,Falso,TRUE
346,Verdadero,TRUE
346,Falso,FALSE
347,Verdadero,FALSE
347,Falso,TRUE
348,Verdadero,TRUE
348,Falso,FALSE
349,Verdadero,TRUE
349,Falso,FALSE
350,Verdadero,TRUE
350,Falso,FALSE
351,Verdadero,TRUE
351,Falso,FALSE
352,Verdadero,TRUE
352,Falso,FALSE
353,Verdadero,TRUE
353,Falso,FALSE
354,Verdadero,TRUE
354,Falso,FALSE
355,Verdadero,FALSE
355,Falso,TRUE
356,Verdadero,FALSE
356,Falso,TRUE
357,Verdadero,FALSE
357,Falso,TRUE
358,Verdadero,TRUE
358,Falso,FALSE
359,Verdadero,TRUE
359,Falso,FALSE
360,Verdadero,FALSE
360,Falso,TRUE
361,Verdadero,FALSE
361,Falso,TRUE
362,Verdadero,FALSE
362,Falso,TRUE
363,Verdadero,FALSE
363,Falso,TRUE
364,Verdadero,FALSE
364,Falso,TRUE
365,Verdadero,TRUE
365,Falso,FALSE
366,Verdadero,FALSE
366,Falso,TRUE
367,Verdadero,FALSE
367,Falso,TRUE
368,Verdadero,TRUE
368,Falso,FALSE
369,Verdadero,TRUE
369,Falso,FALSE
370,Verdadero,FALSE
370,Falso,TRUE
371,Verdadero,FALSE
371,Falso,TRUE
372,Verdadero,FALSE
372,Falso,TRUE
373,Verdadero,TRUE
373,Falso,FALSE
374,Verdadero,TRUE
374,Falso,FALSE
375,Verdadero,TRUE
375,Falso,FALSE
376,Verdadero,FALSE
376,Falso,TRUE
377,Verdadero,TRUE
377,Falso,FALSE
378,Verdadero,TRUE
378,Falso,FALSE
379,Verdadero,TRUE
379,Falso,FALSE
380,Verdadero,FALSE
380,Falso,TRUE
381,Verdadero,FALSE
381,Falso,TRUE
382,Verdadero,TRUE
382,Falso,FALSE
383,Verdadero,TRUE
383,Falso,FALSE
384,Verdadero,FALSE
384,Falso,TRUE
385,Verdadero,TRUE
385,Falso,FALSE
386,Verdadero,FALSE
386,Falso,TRUE
387,Verdadero,TRUE
387,Falso,FALSE
388,Verdadero,FALSE
388,Falso,TRUE
389,Verdadero,FALSE
389,Falso,TRUE
390,Verdadero,TRUE
390,Falso,FALSE
391,Verdadero,FALSE
391,Falso,TRUE
392,Verdadero,FALSE
392,Falso,TRUE
393,Verdadero,TRUE
393,Falso,FALSE
394,Verdadero,FALSE
394,Falso,TRUE
395,Verdadero,FALSE
395,Falso,TRUE
396,Verdadero,TRUE
396,Falso,FALSE
397,Verdadero,FALSE
397,Falso,TRUE
398,Verdadero,TRUE
398,Falso,FALSE
399,Verdadero,TRUE
399,Falso,FALSE
400,Verdadero,TRUE
400,Falso,FALSE
401,Verdadero,TRUE
401,Falso,FALSE
402,Verdadero,TRUE
402,Falso,FALSE
403,Verdadero,FALSE
403,Falso,TRUE
404,Verdadero,TRUE
404,Falso,FALSE
405,Verdadero,FALSE
405,Falso,TRUE
406,Verdadero,FALSE
406,Falso,TRUE
407,Verdadero,TRUE
407,Falso,FALSE
408,Verdadero,TRUE
408,Falso,FALSE
409,Verdadero,TRUE
409,Falso,FALSE
410,Verdadero,FALSE
410,Falso,TRUE
411,Verdadero,FALSE
411,Falso,TRUE
412,Verdadero,FALSE
412,Falso,TRUE
413,Verdadero,TRUE
413,Falso,FALSE
414,Verdadero,TRUE
414,Falso,FALSE
415,Verdadero,FALSE
415,Falso,TRUE
416,Verdadero,FALSE
416,Falso,TRUE
417,Verdadero,TRUE
417,Falso,FALSE
418,Verdadero,TRUE
418,Falso,FALSE
419,Verdadero,TRUE
419,Falso,FALSE
420,Verdadero,FALSE
420,Falso,TRUE
421,Verdadero,FALSE
421,Falso,TRUE
422,Verdadero,TRUE
422,Falso,FALSE
423,Verdadero,TRUE
423,Falso,FALSE
424,Verdadero,TRUE
424,Falso,FALSE
425,Verdadero,TRUE
425,Falso,FALSE
426,Verdadero,TRUE
426,Falso,FALSE
427,Verdadero,TRUE
427,Falso,FALSE
428,Verdadero,TRUE
428,Falso,FALSE
429,Verdadero,TRUE
429,Falso,FALSE
430,Verdadero,TRUE
430,Falso,FALSE
431,Verdadero,TRUE
431,Falso,FALSE
432,Verdadero,TRUE
432,Falso,FALSE
433,Verdadero,TRUE
433,Falso,FALSE
434,Verdadero,FALSE
434,Falso,TRUE
435,Verdadero,FALSE
435,Falso,TRUE
436,Verdadero,FALSE
436,Falso,TRUE
437,Verdadero,FALSE
437,Falso,TRUE
438,Verdadero,TRUE
438,Falso,FALSE
439,Verdadero,TRUE
439,Falso,FALSE
440,Verdadero,FALSE
440,Falso,TRUE
441,Verdadero,TRUE
441,Falso,FALSE
442,Verdadero,TRUE
442,Falso,FALSE
443,Verdadero,FALSE
443,Falso,TRUE
444,Verdadero,TRUE
444,Falso,FALSE
445,Verdadero,FALSE
445,Falso,TRUE
446,Verdadero,FALSE
446,Falso,TRUE
447,Verdadero,FALSE
447,Falso,TRUE
448,Verdadero,FALSE
448,Falso,TRUE
449,Verdadero,TRUE
449,Falso,FALSE
450,Verdadero,FALSE
450,Falso,TRUE
451,Verdadero,FALSE
451,Falso,TRUE
452,Verdadero,TRUE
452,Falso,FALSE
453,Verdadero,FALSE
453,Falso,TRUE
454,Verdadero,TRUE
454,Falso,FALSE
455,Verdadero,TRUE
455,Falso,FALSE
456,Verdadero,FALSE
456,Falso,TRUE
457,Verdadero,FALSE
457,Falso,TRUE
458,Verdadero,TRUE
458,Falso,FALSE
459,Verdadero,TRUE
459,Falso,FALSE
460,Verdadero,FALSE
460,Falso,TRUE
461,Verdadero,FALSE
461,Falso,TRUE
462,Verdadero,FALSE
462,Falso,TRUE
463,Verdadero,TRUE
463,Falso,FALSE
464,Verdadero,FALSE
464,Falso,TRUE
465,Verdadero,TRUE
465,Falso,FALSE
466,Verdadero,FALSE
466,Falso,TRUE
467,Verdadero,FALSE
467,Falso,TRUE
468,Verdadero,TRUE
468,Falso,FALSE
469,Verdadero,FALSE
469,Falso,TRUE
470,Verdadero,FALSE
470,Falso,TRUE
471,Verdadero,TRUE
471,Falso,FALSE
472,Verdadero,TRUE
472,Falso,FALSE
473,Verdadero,FALSE
473,Falso,TRUE
474,Verdadero,TRUE
474,Falso,FALSE
475,Verdadero,FALSE
475,Falso,TRUE
476,Verdadero,FALSE
476,Falso,TRUE
477,Verdadero,TRUE
477,Falso,FALSE
478,Verdadero,FALSE
478,Falso,TRUE
479,Verdadero,TRUE
479,Falso,FALSE
480,Verdadero,FALSE
480,Falso,TRUE
481,Verdadero,TRUE
481,Falso,FALSE
482,Verdadero,TRUE
482,Falso,FALSE
483,Verdadero,TRUE
483,Falso,FALSE
484,Verdadero,FALSE
484,Falso,TRUE
485,Verdadero,FALSE
485,Falso,TRUE
486,Verdadero,TRUE
486,Falso,FALSE
487,Verdadero,TRUE
487,Falso,FALSE
488,Verdadero,TRUE
488,Falso,FALSE
489,Verdadero,TRUE
489,Falso,FALSE
490,Verdadero,FALSE
490,Falso,TRUE
491,Verdadero,FALSE
491,Falso,TRUE
492,Verdadero,FALSE
492,Falso,TRUE
493,Verdadero,TRUE
493,Falso,FALSE
494,Verdadero,TRUE
494,Falso,FALSE
495,Verdadero,FALSE
495,Falso,TRUE
496,Verdadero,TRUE
496,Falso,FALSE
497,Verdadero,TRUE
497,Falso,FALSE
498,Verdadero,TRUE
498,Falso,FALSE
499,Verdadero,FALSE
499,Falso,TRUE
500,Verdadero,FALSE
500,Falso,TRUE
501,Verdadero,FALSE
501,Falso,TRUE
502,Verdadero,FALSE
502,Falso,TRUE
503,Verdadero,FALSE
503,Falso,TRUE
504,Verdadero,FALSE
504,Falso,TRUE
505,Verdadero,TRUE
505,Falso,FALSE
506,Verdadero,TRUE
506,Falso,FALSE
507,Verdadero,TRUE
507,Falso,FALSE
508,Verdadero,FALSE
508,Falso,TRUE
509,Verdadero,TRUE
509,Falso,FALSE
510,Verdadero,FALSE
510,Falso,TRUE
511,Verdadero,FALSE
511,Falso,TRUE
512,Verdadero,TRUE
512,Falso,FALSE
513,Verdadero,TRUE
513,Falso,FALSE
514,Verdadero,FALSE
514,Falso,TRUE
515,Verdadero,FALSE
515,Falso,TRUE
516,Verdadero,FALSE
516,Falso,TRUE
517,Verdadero,FALSE
517,Falso,TRUE
518,Verdadero,TRUE
518,Falso,FALSE
519,Verdadero,TRUE
519,Falso,FALSE
520,Verdadero,TRUE
520,Falso,FALSE
521,Verdadero,TRUE
521,Falso,FALSE
522,Verdadero,TRUE
522,Falso,FALSE
523,Verdadero,TRUE
523,Falso,FALSE
524,Verdadero,FALSE
524,Falso,TRUE
525,Verdadero,TRUE
525,Falso,FALSE
526,Verdadero,FALSE
526,Falso,TRUE
527,Verdadero,FALSE
527,Falso,TRUE
528,Verdadero,FALSE
528,Falso,TRUE
529,Verdadero,TRUE
529,Falso,FALSE
530,Verdadero,TRUE
530,Falso,FALSE
531,Verdadero,TRUE
531,Falso,FALSE
532,Verdadero,TRUE
532,Falso,FALSE
533,Verdadero,TRUE
533,Falso,FALSE
534,Verdadero,TRUE
534,Falso,FALSE
535,Verdadero,TRUE
535,Falso,FALSE
536,Verdadero,TRUE
536,Falso,FALSE
537,Verdadero,FALSE
537,Falso,TRUE
538,Verdadero,FALSE
538,Falso,TRUE
539,Verdadero,FALSE
539,Falso,TRUE
540,Verdadero,TRUE
540,Falso,FALSE
541,Verdadero,TRUE
541,Falso,FALSE
542,Verdadero,TRUE
542,Falso,FALSE
543,Verdadero,FALSE
543,Falso,TRUE
544,Verdadero,TRUE
544,Falso,FALSE
545,Verdadero,TRUE
545,Falso,FALSE
546,Verdadero,TRUE
546,Falso,FALSE
547,Verdadero,TRUE
547,Falso,FALSE
548,Verdadero,FALSE
548,Falso,TRUE
549,Verdadero,FALSE
549,Falso,TRUE
550,Verdadero,TRUE
550,Falso,FALSE
551,Verdadero,FALSE
551,Falso,TRUE
552,Verdadero,FALSE
552,Falso,TRUE
553,Verdadero,TRUE
553,Falso,FALSE
554,Verdadero,TRUE
554,Falso,FALSE
555,Verdadero,TRUE
555,Falso,FALSE
556,Verdadero,TRUE
556,Falso,FALSE
557,Verdadero,FALSE
557,Falso,TRUE
558,Verdadero,TRUE
558,Falso,FALSE
559,Verdadero,TRUE
559,Falso,FALSE
560,Verdadero,TRUE
560,Falso,FALSE
561,Verdadero,TRUE
561,Falso,FALSE
562,Verdadero,FALSE
562,Falso,TRUE
563,Verdadero,TRUE
563,Falso,FALSE
564,Verdadero,FALSE
564,Falso,TRUE
565,Verdadero,TRUE
565,Falso,FALSE
566,Verdadero,TRUE
566,Falso,FALSE
567,Verdadero,FALSE
567,Falso,TRUE
568,Verdadero,FALSE
568,Falso,TRUE
569,Verdadero,TRUE
569,Falso,FALSE
570,Verdadero,TRUE
570,Falso,FALSE
571,Verdadero,TRUE
571,Falso,FALSE
572,Verdadero,TRUE
572,Falso,FALSE
573,Verdadero,FALSE
573,Falso,TRUE
574,Verdadero,FALSE
574,Falso,TRUE
575,Verdadero,TRUE
575,Falso,FALSE
576,Verdadero,TRUE
576,Falso,FALSE
577,Verdadero,TRUE
577,Falso,FALSE
578,Verdadero,TRUE
578,Falso,FALSE
579,Verdadero,TRUE
579,Falso,FALSE
580,Verdadero,TRUE
580,Falso,FALSE
581,Verdadero,FALSE
581,Falso,TRUE
582,Verdadero,FALSE
582,Falso,TRUE
583,Verdadero,TRUE
583,Falso,FALSE
584,Verdadero,TRUE
584,Falso,FALSE
585,Verdadero,FALSE
585,Falso,TRUE
586,Verdadero,FALSE
586,Falso,TRUE
587,Verdadero,FALSE
587,Falso,TRUE
588,Verdadero,FALSE
588,Falso,TRUE
589,Verdadero,TRUE
589,Falso,FALSE
590,Verdadero,FALSE
590,Falso,TRUE
591,Verdadero,FALSE
591,Falso,TRUE
592,Verdadero,FALSE
592,Falso,TRUE
593,Verdadero,TRUE
593,Falso,FALSE
594,Verdadero,TRUE
594,Falso,FALSE
595,Verdadero,FALSE
595,Falso,TRUE
596,Verdadero,TRUE
596,Falso,FALSE
597,Verdadero,TRUE
597,Falso,FALSE
598,Verdadero,TRUE
598,Falso,FALSE
599,Verdadero,FALSE
599,Falso,TRUE
600,Verdadero,FALSE
600,Falso,TRUE
601,Verdadero,TRUE
601,Falso,FALSE
602,Verdadero,TRUE
602,Falso,FALSE
603,Verdadero,FALSE
603,Falso,TRUE
604,Verdadero,TRUE
604,Falso,FALSE
605,Verdadero,TRUE
605,Falso,FALSE
606,Verdadero,TRUE
606,Falso,FALSE
607,Verdadero,FALSE
607,Falso,TRUE
608,Verdadero,TRUE
608,Falso,FALSE
609,Verdadero,FALSE
609,Falso,TRUE
610,Verdadero,TRUE
610,Falso,FALSE
611,Verdadero,TRUE
611,Falso,FALSE
612,Verdadero,FALSE
612,Falso,TRUE
613,Verdadero,TRUE
613,Falso,FALSE
614,Verdadero,FALSE
614,Falso,TRUE
615,Verdadero,FALSE
615,Falso,TRUE
616,Verdadero,FALSE
616,Falso,TRUE
617,Verdadero,TRUE
617,Falso,FALSE
618,Verdadero,FALSE
618,Falso,TRUE
619,Verdadero,TRUE
619,Falso,FALSE
620,Verdadero,FALSE
620,Falso,TRUE
621,Verdadero,TRUE
621,Falso,FALSE